Country,Year,Area_ha,Price_USD_tonne,Yield_hg_ha,TotalYield_tonnes
Albania,1993,2076.0,461.0,48170.0,10000.0
Albania,1995,2140.0,323.6,46729.0,10000.0
Albania,1996,2100.0,325.4,47619.0,10000.0
Albania,1997,2242.0,253.1,50401.0,11300.0
Albania,1998,2300.0,248.9,50000.0,11500.0
Albania,1999,2300.0,270.2,51304.0,11800.0
Albania,2000,2300.0,257.5,52174.0,12000.0
Albania,2001,2173.0,257.9,72683.0,15794.0
Albania,2002,2250.0,274.7,70222.0,15800.0
Albania,2003,2400.0,317.6,55417.0,13300.0
Albania,2004,3000.0,375.6,50000.0,15000.0
Albania,2005,3000.0,390.5,53333.0,16000.0
Albania,2006,5500.0,428.1,50120.0,27566.0
Albania,2007,7000.0,486.6,51429.0,36000.0
Albania,2008,6500.0,476.8,69231.0,45000.0
Albania,2009,5000.0,463.3,94404.0,47202.0
Albania,2010,3913.0,356.0,139545.0,54604.0
Albania,2011,3450.0,386.5,185507.0,64000.0
Albania,2012,3719.0,369.7,191718.0,71300.0
Albania,2013,3838.0,492.1,197316.0,75730.0
Albania,2014,3863.0,474.8,212426.0,82060.0
Albania,2015,4008.0,389.0,228882.0,91736.0
Albania,2016,4230.0,381.3,240028.0,101532.0
Albania,2017,4346.0,461.6,221671.0,96338.0
Albania,2018,4294.0,435.2,252387.0,108375.0
Algeria,1995,11930.0,407.7,53764.0,64140.0
Algeria,2002,15240.0,978.9,79421.0,121038.0
Algeria,2003,18080.0,1085.3,74968.0,135542.0
Algeria,2004,19861.0,1207.3,83265.0,165372.0
Algeria,2005,24279.0,1255.5,82257.0,199712.0
Algeria,2006,28658.0,1156.3,98835.0,283242.0
Algeria,2007,31904.0,1270.0,59557.0,190010.0
Algeria,2008,33206.0,1424.5,78590.0,260967.0
Algeria,2009,36616.0,1335.2,73047.0,267469.0
Algeria,2010,52419.0,1371.2,72233.0,378637.0
Algeria,2011,51080.0,1439.6,79112.0,404105.0
Algeria,2012,48828.0,1431.6,81414.0,397529.0
Algeria,2013,48064.0,1637.9,94860.0,455937.0
Algeria,2014,40418.0,1623.7,114507.0,462815.0
Algeria,2015,41011.0,1310.9,110086.0,451472.0
Algeria,2016,46070.0,1736.1,108716.0,500855.0
Algeria,2017,44620.0,2126.6,110766.0,494239.0
Algeria,2018,39034.0,1844.0,124970.0,487808.0
Argentina,1992,46172.0,201.9,228169.0,1053500.0
Argentina,1993,45786.0,160.2,207743.0,951170.0
Argentina,1994,46000.0,140.1,218761.0,1006300.0
Argentina,1995,48000.0,140.0,238750.0,1146000.0
Argentina,1996,51200.0,140.0,238086.0,1219000.0
Argentina,1997,44302.0,160.1,252289.0,1117690.0
Argentina,1998,45327.0,140.1,228014.0,1033520.0
Argentina,1999,45000.0,150.1,248000.0,1116000.0
Argentina,2000,46000.0,140.1,181157.0,833322.0
Argentina,2001,48000.0,100.1,297667.0,1428802.0
Argentina,2002,50000.0,277.5,231366.0,1156830.0
Argentina,2003,50000.0,368.9,261492.0,1307460.0
Argentina,2004,40000.0,451.5,315610.0,1262440.0
Argentina,2005,43723.0,468.7,275875.0,1206210.0
Argentina,2006,40173.0,519.6,273816.0,1100000.0
Argentina,2008,34021.0,130.5,279239.0,950000.0
Argentina,2009,31657.0,98.5,282402.0,894000.0
Argentina,2010,25213.0,138.5,285567.0,720000.0
Argentina,2011,39829.0,152.1,288734.0,1150000.0
Argentina,2012,35971.0,193.4,291902.0,1050000.0
Argentina,2013,32874.0,192.0,295066.0,970000.0
Argentina,2014,26702.0,175.5,266292.0,711052.0
Armenia,1997,6500.0,179.2,76108.0,49470.0
Armenia,1998,5800.0,198.2,70172.0,40700.0
Armenia,1999,5847.0,214.1,40229.0,23522.0
Armenia,2000,5959.0,150.4,38983.0,23230.0
Armenia,2001,8846.0,163.3,39995.0,35380.0
Armenia,2002,8761.0,204.1,40178.0,35200.0
Armenia,2003,8000.0,257.5,66000.0,52800.0
Armenia,2004,8674.0,280.3,73212.0,63504.0
Armenia,2005,8686.0,301.6,104534.0,90798.0
Armenia,2006,8614.0,446.2,111758.0,96268.0
Armenia,2007,8942.0,542.5,125068.0,111836.0
Armenia,2008,8298.0,515.1,141238.0,117199.0
Armenia,2009,8811.0,389.5,137151.0,120844.0
Armenia,2010,9321.0,776.3,60602.0,56487.0
Armenia,2011,8962.0,692.1,86590.0,77602.0
Armenia,2012,9583.0,544.7,115088.0,110289.0
Armenia,2013,9715.0,495.3,115230.0,111946.0
Armenia,2014,9976.0,570.9,132946.0,132627.0
Armenia,2015,10447.0,400.6,121561.0,126995.0
Armenia,2016,10311.0,437.2,60687.0,62574.0
Armenia,2017,10617.0,428.9,109307.0,116051.0
Armenia,2018,10519.0,398.8,104515.0,109939.0
Australia,1992,19700.0,625.7,160457.0,316101.0
Australia,1993,19700.0,546.7,166392.0,327792.0
Australia,1994,19720.0,565.9,155639.0,306920.0
Australia,1995,19750.0,631.6,160281.0,316555.0
Australia,1996,19750.0,853.0,141847.0,280147.0
Australia,1997,19755.0,794.1,178724.0,353069.0
Australia,1998,19760.0,552.8,156304.0,308856.0
Australia,1999,19760.0,619.4,169207.0,334353.0
Australia,2000,19700.0,496.3,162260.0,319652.0
Australia,2001,25000.0,450.0,121067.0,302668.0
Australia,2002,22000.0,592.2,131938.0,290264.0
Australia,2003,21000.0,758.8,155272.0,326072.0
Australia,2004,20500.0,1059.0,139162.0,285282.0
Australia,2005,20500.0,1237.1,220805.0,452650.0
Australia,2006,20000.0,978.9,150626.0,301251.0
Australia,2007,20000.0,1497.8,188990.0,377980.0
Australia,2008,16441.0,1543.4,161475.0,265481.0
Australia,2009,22000.0,1435.0,134152.0,295134.0
Australia,2010,16792.0,1394.2,157457.0,264401.0
Australia,2011,18790.0,2052.6,159541.0,299778.0
Australia,2012,18056.0,1667.0,160093.0,289064.0
Australia,2013,18015.0,1475.2,160354.0,288878.0
Australia,2014,16704.0,1465.7,159705.0,266771.0
Australia,2015,18508.0,1414.6,159496.0,295196.0
Australia,2016,19333.0,1303.2,159467.0,308298.0
Australia,2017,19668.0,1250.0,159513.0,313730.0
Australia,2018,16818.0,1366.6,159564.0,268355.0
Austria,2018,6740.0,707.4,575593.0,387950.0
Azerbaijan,2001,21804.0,229.8,62402.0,136061.0
Azerbaijan,2002,21497.0,254.1,59822.0,128599.0
Azerbaijan,2003,20303.0,268.8,76022.0,154347.0
Azerbaijan,2004,20456.0,227.9,67109.0,137279.0
Azerbaijan,2005,20533.0,354.3,79412.0,163057.0
Azerbaijan,2006,19599.0,498.1,91000.0,178350.0
Azerbaijan,2007,22498.0,582.7,83120.0,187003.0
Azerbaijan,2008,22846.0,681.6,89740.0,205021.0
Azerbaijan,2009,23258.0,659.4,87814.0,204237.0
Azerbaijan,2010,23934.0,759.9,88437.0,211665.0
Azerbaijan,2011,25121.0,633.2,88797.0,223067.0
Azerbaijan,2012,25836.0,636.5,90870.0,234771.0
Azerbaijan,2013,26301.0,866.8,93793.0,246685.0
Azerbaijan,2014,27173.0,714.0,92859.0,252327.0
Azerbaijan,2015,28090.0,390.4,91277.0,256398.0
Azerbaijan,2016,28277.0,263.2,89930.0,254296.0
Azerbaijan,2017,28401.0,244.0,96860.0,275093.0
Azerbaijan,2018,28647.0,217.6,96749.0,277158.0
Belarus,1996,69900.0,130.2,42847.0,299500.0
Belarus,1997,86600.0,130.4,27945.0,242000.0
Belarus,1998,65600.0,326.3,20305.0,133200.0
Belarus,1999,65100.0,264.8,20430.0,133000.0
Belarus,2000,64600.0,73.2,32972.0,213000.0
Belarus,2001,65300.0,85.7,32940.0,215100.0
Belarus,2002,65200.0,74.1,50153.0,327000.0
Belarus,2003,67400.0,144.9,20252.0,136500.0
Belarus,2004,62500.0,147.4,37072.0,231700.0
Belarus,2005,64816.0,222.8,35895.0,232656.0
Belarus,2006,64857.0,187.9,75363.0,488785.0
Belarus,2007,63600.0,361.1,41341.0,262928.0
Belarus,2008,63836.0,389.3,59498.0,379809.0
Belarus,2009,62900.0,287.7,68613.0,431573.0
Belarus,2010,62011.0,472.0,84751.0,525552.0
Belarus,2011,60102.0,824.5,31751.0,190829.0
Belarus,2012,58391.0,459.3,87594.0,511471.0
Belarus,2013,57572.0,416.9,54105.0,311495.0
Belarus,2014,57323.0,380.5,89430.0,512641.0
Belarus,2015,54411.0,293.3,65211.0,354817.0
Belarus,2016,52797.0,270.8,96372.0,508816.0
Belarus,2017,51752.0,341.1,61269.0,317078.0
Belarus,2018,52764.0,256.8,132704.0,700198.0
Belgium,2000,8900.0,225.9,612876.0,545460.0
Belgium,2001,8800.0,313.2,382500.0,336600.0
Belgium,2002,8600.0,272.9,405349.0,348600.0
Belgium,2003,8395.0,506.8,379869.0,318900.0
Belgium,2004,8299.0,497.9,428726.0,355800.0
Belgium,2005,8900.0,434.0,365124.0,324960.0
Belgium,2006,8600.0,567.6,415698.0,357500.0
Belgium,2007,8500.0,586.6,421176.0,358000.0
Belgium,2008,8100.0,801.7,413580.0,335000.0
Belgium,2009,7700.0,492.8,403377.0,310600.0
Belgium,2010,7730.0,501.2,444994.0,343980.0
Belgium,2011,7752.0,722.0,294640.0,228405.0
Belgium,2012,7100.0,654.2,310423.0,220400.0
Belgium,2013,7100.0,815.5,322394.0,228900.0
Belgium,2014,7100.0,622.3,448451.0,318400.0
Belgium,2015,6865.0,437.2,413999.0,284210.0
Belgium,2016,6491.0,395.8,367037.0,238244.0
Belgium,2017,6164.0,560.5,139903.0,86236.0
Belgium,2018,5990.0,823.3,386144.0,231300.0
Bhutan,1996,2731.0,211.7,20926.0,5715.0
Bhutan,1997,2792.0,179.0,19989.0,5581.0
Bhutan,1998,2972.0,181.8,17709.0,5263.0
Bhutan,1999,2769.0,232.3,19386.0,5368.0
Bhutan,2000,2300.0,175.8,22174.0,5100.0
Bhutan,2001,1800.0,233.1,33333.0,6000.0
Bhutan,2002,1400.0,246.9,53571.0,7500.0
Bhutan,2003,1065.0,975.4,53521.0,5700.0
Bhutan,2004,1209.0,1075.8,48941.0,5917.0
Bhutan,2005,2400.0,1087.2,43421.0,10421.0
Bhutan,2006,1800.0,1007.2,41150.0,7407.0
Bhutan,2007,1850.0,1134.0,38249.0,7076.0
Bhutan,2008,1500.0,1142.4,33587.0,5038.0
Bhutan,2009,1900.0,1076.7,34332.0,6523.0
Bhutan,2010,2094.0,1757.1,82932.0,17366.0
Bhutan,2011,2050.0,1734.2,101229.0,20752.0
Bhutan,2012,900.0,1628.1,85178.0,7666.0
Bhutan,2013,1000.0,580.2,78300.0,7830.0
Bhutan,2014,1100.0,475.2,72673.0,7994.0
Bhutan,2015,700.0,483.2,75829.0,5308.0
Bhutan,2016,849.0,744.1,77585.0,6587.0
Bhutan,2017,950.0,522.1,84621.0,8039.0
Bolivia (Plurinational State of),1992,1355.0,232.0,59963.0,8125.0
Bolivia (Plurinational State of),1993,1385.0,216.4,61047.0,8455.0
Bolivia (Plurinational State of),1994,1395.0,214.3,62007.0,8650.0
Bolivia (Plurinational State of),1995,1425.0,233.1,62175.0,8860.0
Bolivia (Plurinational State of),1996,1455.0,232.7,62199.0,9050.0
Bolivia (Plurinational State of),1997,1450.0,232.0,63586.0,9220.0
Bolivia (Plurinational State of),1998,1450.0,229.8,63586.0,9220.0
Bolivia (Plurinational State of),1999,1470.0,223.3,66327.0,9750.0
Bolivia (Plurinational State of),2000,1480.0,210.7,66216.0,9800.0
Bolivia (Plurinational State of),2001,1485.0,202.4,66027.0,9805.0
Bolivia (Plurinational State of),2002,1485.0,188.0,66061.0,9810.0
Bolivia (Plurinational State of),2003,1480.0,181.0,66216.0,9800.0
Bolivia (Plurinational State of),2004,1100.0,178.0,54545.0,6000.0
Bolivia (Plurinational State of),2005,900.0,179.0,44444.0,4000.0
Bolivia (Plurinational State of),2006,500.0,188.8,40000.0,2000.0
Bolivia (Plurinational State of),2007,495.0,197.3,39616.0,1961.0
Bolivia (Plurinational State of),2008,505.0,221.2,40099.0,2025.0
Bolivia (Plurinational State of),2009,501.0,217.7,38782.0,1943.0
Bolivia (Plurinational State of),2010,501.0,455.5,39701.0,1989.0
Bolivia (Plurinational State of),2011,504.0,473.9,39960.0,2014.0
Bolivia (Plurinational State of),2012,512.0,486.8,39551.0,2025.0
Bolivia (Plurinational State of),2013,534.0,497.2,38521.0,2057.0
Bolivia (Plurinational State of),2014,676.0,427.1,35784.0,2419.0
Bolivia (Plurinational State of),2015,687.0,528.8,36710.0,2522.0
Bolivia (Plurinational State of),2016,692.0,646.3,37254.0,2578.0
Bolivia (Plurinational State of),2017,732.0,535.9,37582.0,2751.0
Bolivia (Plurinational State of),2018,734.0,497.3,38215.0,2805.0
Bosnia and Herzegovina,1998,4600.0,260.3,54259.0,24959.0
Bosnia and Herzegovina,1999,6000.0,418.3,26517.0,15910.0
Bosnia and Herzegovina,2000,6000.0,252.5,23960.0,14376.0
Bosnia and Herzegovina,2001,4236.0,215.0,25524.0,10812.0
Bosnia and Herzegovina,2002,4300.0,203.5,29963.0,12884.0
Bosnia and Herzegovina,2003,12000.0,375.1,33813.0,40575.0
Bosnia and Herzegovina,2004,15000.0,409.5,35546.0,53319.0
Bosnia and Herzegovina,2005,14309.0,492.8,36467.0,52181.0
Bosnia and Herzegovina,2006,15548.0,243.7,37374.0,58109.0
Bosnia and Herzegovina,2007,16000.0,447.9,38101.0,60962.0
Bosnia and Herzegovina,2008,15000.0,314.6,34631.0,51946.0
Bosnia and Herzegovina,2009,20000.0,319.6,35754.0,71507.0
Bosnia and Herzegovina,2010,19885.0,497.7,36037.0,71659.0
Bosnia and Herzegovina,2011,23243.0,476.9,32411.0,75334.0
Bosnia and Herzegovina,2012,15027.0,619.5,33289.0,50023.0
Bosnia and Herzegovina,2013,25640.0,542.4,33197.0,85117.0
Bosnia and Herzegovina,2014,13708.0,412.4,32678.0,44795.0
Bosnia and Herzegovina,2015,28549.0,433.2,32040.0,91471.0
Bosnia and Herzegovina,2016,21534.0,401.6,32071.0,69062.0
Bosnia and Herzegovina,2017,16344.0,497.3,31970.0,52252.0
Bosnia and Herzegovina,2018,35306.0,286.1,31868.0,112513.0
Brazil,1992,24181.0,358.1,248063.0,599841.0
Brazil,1993,25652.0,254.2,272402.0,698765.0
Brazil,1994,27112.0,388.1,258164.0,699935.0
Brazil,1995,26704.0,430.4,257030.0,686373.0
Brazil,1996,25326.0,356.2,276703.0,700777.0
Brazil,1997,26418.0,351.6,300396.0,793585.0
Brazil,1998,26318.0,363.6,300721.0,791437.0
Brazil,1999,28555.0,197.4,328389.0,937715.0
Brazil,2000,30043.0,199.0,383873.0,1153269.0
Brazil,2001,30938.0,199.6,231440.0,716030.0
Bulgaria,1998,14751.0,47.0,87550.0,129145.0
Bulgaria,1999,14462.0,59.4,63801.0,92269.0
Bulgaria,2000,12957.0,63.1,68676.0,88983.0
Bulgaria,2001,9874.0,60.0,43255.0,42710.0
Bulgaria,2002,5976.0,84.7,44205.0,26417.0
Bulgaria,2003,4711.0,54.8,81452.0,38372.0
Bulgaria,2004,4519.0,45.1,87172.0,39393.0
Bulgaria,2005,3127.0,64.2,83563.0,26130.0
Bulgaria,2006,2979.0,75.0,88379.0,26328.0
Bulgaria,2007,3524.0,464.0,74248.0,26165.0
Bulgaria,2008,3247.0,795.0,72427.0,23517.0
Bulgaria,2009,4321.0,502.6,82055.0,35456.0
Bulgaria,2010,5201.0,549.6,83128.0,43235.0
Bulgaria,2011,4890.0,425.6,82644.0,40413.0
Bulgaria,2012,4621.0,340.3,66960.0,30942.0
Bulgaria,2013,4813.0,354.2,114301.0,55013.0
Bulgaria,2014,3951.0,300.5,137945.0,54502.0
Bulgaria,2015,4765.0,265.2,122600.0,58419.0
Bulgaria,2016,4111.0,250.9,108866.0,44755.0
Bulgaria,2017,3973.0,280.4,113081.0,44927.0
Bulgaria,2018,3980.0,332.3,126382.0,50300.0
Canada,1992,32145.0,221.7,175477.0,564071.0
Canada,1993,32777.0,205.4,147521.0,483529.0
Canada,1994,33286.0,199.2,166355.0,553729.0
Canada,1995,31369.0,229.5,190922.0,598902.0
Canada,1996,29359.0,250.8,174728.0,512984.0
Canada,1997,27832.0,252.1,180932.0,503570.0
Canada,1998,26934.0,221.8,193204.0,520375.0
Canada,1999,26165.0,208.0,237490.0,621392.0
Canada,2000,24277.0,228.9,218419.0,530256.0
Canada,2001,22531.0,231.1,216806.0,488485.0
Canada,2002,20139.0,244.7,174927.0,352285.0
Canada,2003,20710.0,271.9,194310.0,402416.0
Canada,2004,19965.0,286.7,193487.0,386297.0
Canada,2005,19614.0,302.9,211301.0,414445.0
Canada,2006,19861.0,323.9,202796.0,402773.0
Canada,2007,18312.0,359.1,243757.0,446367.0
Canada,2008,17808.0,383.8,239700.0,426858.0
Canada,2009,17147.0,361.3,253975.0,435491.0
Canada,2010,16245.0,397.8,228393.0,371025.0
Canada,2011,16534.0,408.0,254084.0,420102.0
Canada,2012,15958.0,529.5,177194.0,282766.0
Canada,2013,16038.0,553.0,266368.0,427201.0
Canada,2014,15874.0,475.2,258183.0,409839.0
Canada,2015,15737.0,414.8,221458.0,348508.0
Canada,2016,15873.0,429.4,263333.0,417989.0
Canada,2017,15612.0,463.1,257547.0,402082.0
Canada,2018,15740.0,482.0,256022.0,402978.0
Chile,1992,25500.0,223.8,325490.0,830000.0
Chile,1993,27800.0,144.3,302158.0,840000.0
Chile,1994,29800.0,155.8,271812.0,810000.0
Chile,1995,32440.0,226.6,262022.0,850000.0
Chile,1996,34800.0,212.2,272989.0,950000.0
Chile,1997,39900.0,215.8,211779.0,845000.0
Chile,1998,38400.0,152.9,253906.0,975000.0
Chile,1999,37400.0,118.4,314171.0,1175000.0
Chile,2000,35790.0,196.4,224923.0,805000.0
Chile,2001,35700.0,98.2,317927.0,1135000.0
Chile,2002,34865.0,118.9,329844.0,1150000.0
Chile,2003,35410.0,136.4,353008.0,1250000.0
Chile,2004,36095.0,145.8,360161.0,1300000.0
Chile,2005,34800.0,158.8,373563.0,1300000.0
Chile,2006,35200.0,153.2,383523.0,1350000.0
Chile,2007,35000.0,243.5,400000.0,1400000.0
Chile,2008,35000.0,251.0,429743.0,1504101.0
Chile,2009,35100.0,238.5,379093.0,1330617.0
Chile,2010,35029.0,222.0,463685.0,1624242.0
Chile,2011,35030.0,327.2,453425.0,1588347.0
Chile,2012,35667.0,487.2,450673.0,1607415.0
Chile,2013,37545.0,486.4,457119.0,1716253.0
Chile,2014,37207.0,505.1,462787.0,1721893.0
Chile,2015,36206.0,603.4,472386.0,1710319.0
Chile,2016,36063.0,650.2,479739.0,1730081.0
Chile,2017,35937.0,650.1,486695.0,1749037.0
Chile,2018,34427.0,693.7,493817.0,1700065.0
China,1992,1916923.0,259.1,34266.0,6568460.0
China,1993,2251281.0,253.0,40322.0,9077685.0
China,1994,2691370.0,219.8,41382.0,11137489.0
China,1995,2954123.0,222.2,47449.0,14017142.0
China,1996,2987963.0,405.3,57097.0,17060497.0
China,1997,2839388.0,351.0,60674.0,17227752.0
China,1998,2622497.0,320.1,74320.0,19490501.0
China,1999,2439868.0,385.3,85291.0,20809846.0
China,2000,2254759.0,333.4,90640.0,20437065.0
China,2001,2066922.0,358.8,96872.0,20022749.0
China,2002,1939071.0,420.4,99278.0,19250634.0
China,2003,1901129.0,408.4,111014.0,21105161.0
China,2004,1877321.0,435.0,126148.0,23681966.0
China,2005,1890908.0,452.8,127012.0,24016881.0
China,2006,1899408.0,599.5,137227.0,26064930.0
China,2007,1962368.0,786.3,142001.0,27865889.0
China,2008,1992666.0,984.2,149803.0,29850771.0
China,2009,2049536.0,1004.4,154593.0,31684433.0
China,2011,2177495.0,598.5,165266.0,35986667.0
China,2012,2231519.0,954.0,172495.0,38492519.0
China,2013,2272375.0,621.4,174636.0,39683908.0
China,2014,2272374.0,638.1,180097.0,40924707.0
China,2015,2328471.0,581.9,167064.0,38900319.0
China,2016,2122924.0,468.4,190278.0,40394483.0
China,2017,1947146.0,541.1,212575.0,41391451.0
China,2018,1938764.0,583.7,202371.0,39235019.0
"China, mainland",1992,1914500.0,259.1,34243.0,6555836.0
"China, mainland",1993,2250300.0,253.0,40304.0,9069557.0
"China, mainland",1994,2690300.0,219.8,41367.0,11129020.0
"China, mainland",1995,2953100.0,222.2,47434.0,14007660.0
"China, mainland",1996,2986930.0,405.3,57090.0,17052246.0
"China, mainland",1997,2838410.0,351.0,60663.0,17218572.0
"China, mainland",1998,2621570.0,320.1,74309.0,19480720.0
"China, mainland",1999,2439100.0,385.3,85284.0,20801640.0
"China, mainland",2000,2254010.0,333.4,90644.0,20431230.0
"China, mainland",2001,2066150.0,358.8,96871.0,20014986.0
"China, mainland",2002,1938300.0,420.4,99267.0,19240984.0
"China, mainland",2003,1900500.0,408.4,111033.0,21101776.0
"China, mainland",2004,1876700.0,435.0,126155.0,23675472.0
"China, mainland",2005,1890300.0,452.8,127023.0,24011080.0
"China, mainland",2006,1898800.0,599.5,137239.0,26059000.0
"China, mainland",2007,1961800.0,786.1,142012.0,27859936.0
"China, mainland",2008,1992200.0,984.4,149817.0,29846608.0
"China, mainland",2009,2049100.0,1004.2,154608.0,31680788.0
"China, mainland",2010,2139940.0,1292.4,155439.0,33263000.0
"China, mainland",2011,2177320.0,598.3,165272.0,35985000.0
"China, mainland",2012,2231350.0,953.7,172501.0,38491000.0
"China, mainland",2013,2272200.0,621.4,174644.0,39682616.0
"China, mainland",2014,2272200.0,638.1,180104.0,40923200.0
"China, mainland",2015,2328300.0,581.9,167070.0,38899000.0
"China, mainland",2016,2122720.0,468.4,190289.0,40393000.0
"China, mainland",2017,1946950.0,541.1,212589.0,41390000.0
"China, mainland",2018,1938570.0,583.7,202383.0,39233400.0
Colombia,2000,753.0,315.8,89880.0,6768.0
Colombia,2001,788.0,279.6,96129.0,7575.0
Colombia,2002,478.0,288.7,111444.0,5327.0
Colombia,2003,470.0,234.2,110426.0,5190.0
Colombia,2004,450.0,280.6,105911.0,4766.0
Colombia,2005,413.0,450.3,107385.0,4435.0
Colombia,2006,424.0,496.9,106557.0,4518.0
Colombia,2007,306.0,556.5,94477.0,2891.0
Colombia,2008,87.0,610.0,120690.0,1050.0
Colombia,2009,153.0,471.8,87582.0,1340.0
Colombia,2010,156.0,638.0,105000.0,1638.0
Colombia,2011,121.0,625.3,100744.0,1219.0
Colombia,2012,226.0,613.9,96903.0,2190.0
Colombia,2013,246.0,1557.4,103537.0,2547.0
Colombia,2014,200.0,1670.4,112350.0,2247.0
Colombia,2015,225.0,1385.5,111378.0,2506.0
Croatia,1994,4769.0,266.8,99283.0,47348.0
Croatia,1995,5115.0,363.2,100506.0,51409.0
Croatia,1996,7376.0,186.0,101330.0,74741.0
Croatia,1997,5676.0,345.1,101376.0,57541.0
Croatia,1998,6700.0,364.6,108001.0,72361.0
Croatia,1999,6000.0,292.5,111253.0,66752.0
Croatia,2000,4192.0,210.2,152855.0,64077.0
Croatia,2001,4826.0,251.8,46426.0,22405.0
Croatia,2002,5366.0,195.6,82296.0,44160.0
Croatia,2003,6220.0,274.4,74502.0,46340.0
Croatia,2004,5253.0,377.8,120107.0,63092.0
Croatia,2005,5625.0,376.0,101863.0,57298.0
Croatia,2006,5863.0,340.9,98194.0,57571.0
Croatia,2007,5993.0,372.6,105108.0,62991.0
Croatia,2008,6404.0,472.1,89539.0,57341.0
Croatia,2009,6515.0,343.9,113467.0,73924.0
Croatia,2010,6599.0,323.8,135057.0,89124.0
Croatia,2011,6553.0,348.1,152107.0,99676.0
Croatia,2012,5980.0,411.9,62565.0,37414.0
Croatia,2013,5377.0,270.9,226405.0,121738.0
Croatia,2014,5944.0,240.9,162690.0,96703.0
Croatia,2015,5756.0,243.4,176776.0,101752.0
Croatia,2016,5890.0,329.3,76029.0,44781.0
Croatia,2017,4838.0,364.5,116928.0,56570.0
Croatia,2018,4730.0,264.7,190803.0,90250.0
Cyprus,1992,1100.0,1121.6,109091.0,12000.0
Cyprus,1993,1200.0,1039.8,91667.0,11000.0
Cyprus,1994,1000.0,1540.7,75000.0,7500.0
Cyprus,1995,1000.0,1680.7,93000.0,9300.0
Cyprus,1996,1110.0,1414.0,90090.0,10000.0
Cyprus,1997,1090.0,1150.6,87156.0,9500.0
Cyprus,1998,1200.0,1089.6,91667.0,11000.0
Cyprus,1999,1200.0,805.2,95833.0,11500.0
Cyprus,2000,1130.0,819.8,100000.0,11300.0
Cyprus,2001,1130.0,827.6,82301.0,9300.0
Cyprus,2002,1130.0,999.4,95575.0,10800.0
Cyprus,2003,1165.0,1063.4,81545.0,9500.0
Cyprus,2004,1230.0,1067.4,85764.0,10549.0
Cyprus,2005,1274.0,927.0,84623.0,10781.0
Cyprus,2006,1278.0,952.7,84053.0,10742.0
Cyprus,2007,1062.0,859.3,80923.0,8594.0
Cyprus,2008,943.0,1009.2,69385.0,6543.0
Cyprus,2009,1218.0,1040.6,59721.0,7274.0
Cyprus,2010,754.0,913.9,92175.0,6950.0
Cyprus,2011,836.0,717.3,85179.0,7121.0
Cyprus,2012,858.0,674.5,79744.0,6842.0
Cyprus,2013,625.0,906.8,85008.0,5313.0
Cyprus,2014,606.0,951.3,80000.0,4848.0
Cyprus,2015,610.0,779.6,80000.0,4880.0
Cyprus,2016,525.0,766.6,80000.0,4200.0
Cyprus,2017,372.0,1014.5,101935.0,3792.0
Cyprus,2018,370.0,1010.2,51622.0,1910.0
Czechia,1993,20000.0,224.7,154058.0,308116.0
Czechia,1994,18000.0,222.3,135610.0,244098.0
Czechia,1995,17000.0,332.6,132667.0,225534.0
Czechia,1996,18000.0,434.1,139687.0,251436.0
Czechia,1997,20000.0,265.3,145504.0,291007.0
Czechia,1998,18000.0,241.1,157304.0,283148.0
Czechia,1999,16000.0,237.8,165058.0,264092.0
Czechia,2000,21000.0,181.5,161634.0,339431.0
Czechia,2001,18000.0,222.7,122869.0,221164.0
Czechia,2002,9260.0,249.0,179238.0,165974.0
Czechia,2003,9320.0,291.6,150913.0,140651.0
Czechia,2004,9500.0,325.8,154625.0,146894.0
Czechia,2005,9540.0,325.2,140560.0,134094.0
Czechia,2006,9290.0,380.5,146808.0,136385.0
Czechia,2007,9100.0,317.5,127268.0,115814.0
Czechia,2008,9040.0,234.6,170424.0,154063.0
Czechia,2009,8990.0,156.5,157949.0,141996.0
Czechia,2010,9030.0,220.2,110522.0,99801.0
Czechia,2011,9299.0,271.6,90971.0,84594.0
Czechia,2012,9367.0,247.3,126731.0,118709.0
Czechia,2013,8982.0,367.8,135608.0,121803.0
Czechia,2014,8962.0,350.7,143151.0,128292.0
Czechia,2015,8309.0,270.3,186979.0,155361.0
Czechia,2016,7491.0,267.9,166863.0,124997.0
Czechia,2017,7349.0,399.8,143258.0,105280.0
Czechia,2018,7250.0,351.8,209007.0,151530.0
Denmark,1992,5149.0,614.6,161196.0,83000.0
Denmark,1993,4752.0,406.2,168350.0,80000.0
Denmark,1994,2061.0,458.4,181951.0,37500.0
Denmark,1995,1658.0,660.6,180941.0,30000.0
Denmark,1996,1854.0,643.2,97087.0,18000.0
Denmark,1997,1697.0,643.5,194461.0,33000.0
Denmark,1998,1660.0,697.4,174699.0,29000.0
Denmark,1999,1623.0,619.4,197166.0,32000.0
Denmark,2000,1679.0,435.5,148898.0,25000.0
Denmark,2001,1783.0,469.8,112170.0,20000.0
Denmark,2002,1574.0,545.9,119441.0,18800.0
Denmark,2003,1624.0,769.6,197660.0,32100.0
Denmark,2004,1600.0,868.0,220669.0,35307.0
Denmark,2005,1617.0,598.6,218349.0,35307.0
Denmark,2006,1536.0,734.8,206895.0,31779.0
Denmark,2007,1486.0,872.6,215343.0,32000.0
Denmark,2008,1500.0,613.0,193053.0,28958.0
Denmark,2009,1464.0,519.7,187930.0,27513.0
Denmark,2010,1610.0,523.6,150248.0,24190.0
Denmark,2011,1513.0,635.7,170093.0,25735.0
Denmark,2012,1348.0,656.4,138954.0,18731.0
Denmark,2013,1381.0,626.7,225807.0,31184.0
Denmark,2014,1378.0,780.4,256684.0,35371.0
Denmark,2015,1389.0,511.7,256638.0,35647.0
Denmark,2016,1330.0,464.8,274211.0,36470.0
Denmark,2017,1281.0,461.2,160000.0,20496.0
Denmark,2018,1420.0,538.0,229930.0,32650.0
Ecuador,1992,3670.0,17.4,63665.0,23365.0
Ecuador,1993,4520.0,30.6,68122.0,30791.0
Ecuador,1994,5250.0,70.4,62709.0,32922.0
Ecuador,1995,4820.0,46.8,42859.0,20658.0
Ecuador,1996,5610.0,39.1,77421.0,43433.0
Ecuador,1997,4485.0,52.6,55197.0,24756.0
Ecuador,1998,4749.0,62.8,52811.0,25080.0
Ecuador,1999,2172.0,66.0,56174.0,12201.0
Ecuador,2000,4747.0,160.0,8159.0,3873.0
Ecuador,2001,4780.0,303.0,26992.0,12902.0
Ecuador,2002,3971.0,420.0,28147.0,11177.0
Ecuador,2003,3709.0,396.0,32116.0,11912.0
Ecuador,2004,1679.0,354.0,47141.0,7915.0
Ecuador,2005,2989.0,545.0,56009.0,16741.0
Ecuador,2006,3000.0,350.0,56167.0,16850.0
Ecuador,2007,3100.0,564.4,56452.0,17500.0
Ecuador,2008,1200.0,547.7,55725.0,6687.0
Ecuador,2009,1500.0,669.0,53333.0,8000.0
Ecuador,2010,1832.0,515.6,49525.0,9073.0
Ecuador,2011,1778.0,434.6,51670.0,9187.0
Ecuador,2012,1657.0,518.0,55094.0,9129.0
Ecuador,2013,1548.0,564.2,56105.0,8685.0
Ecuador,2014,1395.0,618.3,53090.0,7406.0
Ecuador,2015,1294.0,662.5,51978.0,6726.0
Ecuador,2016,1156.0,1052.0,52950.0,6121.0
Ecuador,2017,1045.0,1051.5,53139.0,5553.0
Egypt,2006,25100.0,304.2,227223.0,570330.0
Egypt,2007,24140.0,451.6,231128.0,557944.0
Egypt,2008,23883.0,470.9,230600.0,550743.0
Egypt,2009,21569.0,467.7,235909.0,508833.0
Egypt,2010,21088.0,479.9,233839.0,493119.0
Egypt,2011,20956.0,521.8,217511.0,455817.0
Egypt,2012,21145.0,511.6,255965.0,541239.0
Egypt,2013,24857.0,457.3,253294.0,629613.0
Egypt,2014,25777.0,444.6,241931.0,623625.0
Egypt,2015,28365.0,409.3,245291.0,695769.0
Egypt,2016,29353.0,331.8,257161.0,754846.0
Egypt,2017,28884.0,187.6,247982.0,716271.0
Egypt,2018,28799.0,191.6,248671.0,716148.0
Estonia,1992,8139.0,204.8,26454.0,21531.0
Estonia,1993,7752.0,184.4,51647.0,40037.0
Estonia,1994,7988.0,49.6,17569.0,14034.0
Estonia,1995,7960.0,228.4,39564.0,31493.0
Estonia,1996,7868.0,406.4,11974.0,9421.0
Estonia,1997,7798.0,240.1,25682.0,20027.0
Estonia,1998,8008.0,389.2,10899.0,8728.0
Estonia,1999,7115.0,192.1,16000.0,11384.0
Estonia,2000,7153.0,115.6,25873.0,18507.0
Estonia,2001,10533.0,118.3,14330.0,15094.0
Estonia,2002,9924.0,167.4,17291.0,17160.0
Estonia,2003,8590.0,248.9,5703.0,4899.0
Estonia,2004,8895.0,345.9,2427.0,2159.0
Estonia,2005,6539.0,296.6,16307.0,10663.0
Estonia,2006,5118.0,390.0,5539.0,2835.0
Estonia,2007,4331.0,384.3,9437.0,4087.0
Estonia,2008,4039.0,469.0,5566.0,2248.0
Estonia,2009,4222.0,425.6,12899.0,5446.0
Estonia,2010,3319.0,502.0,5975.0,1983.0
Estonia,2011,3329.0,422.9,8117.0,2702.0
Estonia,2012,3140.0,368.3,5908.0,1855.0
Estonia,2013,3032.0,376.9,14548.0,4411.0
Estonia,2014,2924.0,447.4,7890.0,2307.0
Estonia,2015,2800.0,348.5,9643.0,2700.0
Estonia,2016,2482.0,346.2,22147.0,5497.0
Estonia,2017,2522.0,351.0,14465.0,3648.0
Estonia,2018,600.0,394.2,27333.0,1640.0
Finland,1992,805.0,1524.7,111801.0,9000.0
Finland,1993,700.0,1206.2,114286.0,8000.0
Finland,1994,571.0,1378.4,117338.0,6700.0
Finland,1995,419.0,1138.2,174224.0,7300.0
Finland,1996,437.0,1338.8,132723.0,5800.0
Finland,1997,452.0,953.5,232301.0,10500.0
Finland,1998,464.0,1167.7,40948.0,1900.0
Finland,1999,479.0,1222.1,50668.0,2427.0
Finland,2000,506.0,829.0,54328.0,2749.0
Finland,2001,531.0,1023.4,50829.0,2699.0
Finland,2002,560.0,944.9,56304.0,3153.0
Finland,2003,596.0,1608.4,47550.0,2834.0
Finland,2004,620.0,1821.5,43145.0,2675.0
Finland,2005,646.0,1085.7,55882.0,3610.0
Finland,2006,635.0,1485.4,51354.0,3261.0
Finland,2007,649.0,2087.3,53436.0,3468.0
Finland,2008,668.0,1876.4,64102.0,4282.0
Finland,2009,653.0,1667.1,65360.0,4268.0
Finland,2010,679.0,1955.0,62769.0,4262.0
Finland,2011,669.0,2204.6,78460.0,5249.0
Finland,2012,667.0,2018.5,72069.0,4807.0
Finland,2013,660.0,2209.2,74318.0,4905.0
Finland,2014,669.0,2125.5,77892.0,5211.0
Finland,2015,666.0,1815.5,90495.0,6027.0
Finland,2016,666.0,1622.8,96111.0,6401.0
Finland,2017,684.0,1852.7,98801.0,6758.0
Finland,2018,630.0,1745.4,114286.0,7200.0
France,1992,59879.0,285.1,396109.0,2371861.0
France,1993,60966.0,317.1,336414.0,2050983.0
France,1994,60831.0,389.9,354745.0,2157952.0
France,1995,56431.0,427.4,365723.0,2063809.0
France,1996,56186.0,395.0,352413.0,1980069.0
France,1997,55760.0,330.8,362084.0,2018979.0
France,1998,54515.0,355.8,323833.0,1765375.0
France,1999,54058.0,287.4,394631.0,2133296.0
France,2000,53020.0,257.3,401787.0,2130274.0
France,2001,50416.0,314.8,373316.0,1882109.0
France,2002,49477.0,310.5,403280.0,1995306.0
France,2003,48652.0,401.6,353873.0,1721662.0
France,2004,47367.0,487.2,380049.0,1800177.0
France,2005,46723.0,425.1,391492.0,1829166.0
France,2006,43888.0,593.3,382639.0,1679328.0
France,2007,43252.0,668.1,411992.0,1781947.0
France,2008,42073.0,707.1,404476.0,1701752.0
France,2009,41201.0,574.5,419799.0,1729615.0
France,2010,40908.0,640.0,428099.0,1751269.0
France,2011,39725.0,616.2,443711.0,1762640.0
France,2012,38714.0,837.3,337432.0,1306333.0
France,2013,37593.0,831.8,449062.0,1688158.0
France,2014,50170.0,691.3,368258.0,1847551.0
France,2015,49663.0,628.8,396397.0,1968628.0
France,2016,50150.0,664.2,363534.0,1823123.0
France,2017,50309.0,663.2,337106.0,1695949.0
France,2018,50540.0,763.5,344351.0,1740350.0
Georgia,1997,49000.0,326.8,35898.0,175900.0
Georgia,1998,37500.0,270.5,35093.0,131599.0
Georgia,1999,36000.0,426.8,27284.0,98222.0
Georgia,2000,38000.0,307.7,21829.0,82952.0
Georgia,2001,30000.0,312.6,22121.0,66363.0
Georgia,2002,26000.0,284.2,24929.0,64815.0
Georgia,2003,28000.0,316.9,30829.0,86320.0
Georgia,2006,10000.0,397.3,32800.0,32800.0
Georgia,2007,28000.0,214.2,36179.0,101300.0
Georgia,2008,12000.0,375.2,34583.0,41500.0
Georgia,2009,22000.0,225.4,36682.0,80700.0
Georgia,2010,5923.0,466.8,35624.0,21100.0
Georgia,2011,18151.0,544.9,35425.0,64300.0
Georgia,2012,12359.0,345.6,36411.0,45000.0
Georgia,2013,18680.0,289.9,36724.0,68600.0
Georgia,2014,22380.0,284.6,36774.0,82300.0
Georgia,2015,7663.0,305.2,33538.0,25700.0
Georgia,2016,19767.0,246.6,32984.0,65200.0
Georgia,2017,6073.0,285.0,32439.0,19700.0
Georgia,2018,25776.0,184.1,32084.0,82700.0
Germany,1992,39200.0,634.2,351480.0,1377800.0
Germany,1993,39200.0,373.8,225102.0,882400.0
Germany,1994,36400.0,427.6,241621.0,879500.0
Germany,1995,36100.0,620.1,158809.0,573300.0
Germany,1996,36400.0,667.5,241236.0,878100.0
Germany,1997,35800.0,441.6,213575.0,764600.0
Germany,1998,35800.0,426.1,272961.0,977200.0
Germany,1999,35800.0,356.3,289413.0,1036100.0
Germany,2000,125000.0,302.0,250944.0,3136800.0
Germany,2001,70000.0,325.3,254143.0,1779000.0
Germany,2002,54676.0,387.7,269058.0,1471100.0
Germany,2003,31164.0,550.8,262493.0,818032.0
Germany,2004,32345.0,561.2,302900.0,979730.0
Germany,2005,32339.0,441.5,275643.0,891402.0
Germany,2006,32504.0,503.1,291537.0,947611.0
Germany,2007,31721.0,585.8,337327.0,1070036.0
Germany,2008,31800.0,742.6,329244.0,1046995.0
Germany,2009,31813.0,529.3,336554.0,1070678.0
Germany,2010,31819.0,535.1,262409.0,834960.0
Germany,2011,31608.0,683.9,284247.0,898448.0
Germany,2012,31640.0,609.0,307334.0,972405.0
Germany,2013,31647.0,793.9,253984.0,803784.0
Germany,2014,31465.0,598.4,354648.0,1115900.0
Germany,2015,31408.0,448.0,309941.0,973462.0
Germany,2016,31334.0,495.6,329646.0,1032913.0
Germany,2017,33913.0,649.2,175940.0,596666.0
Germany,2018,33980.0,797.2,352713.0,1198520.0
Greece,1992,16430.0,384.0,234267.0,384900.0
Greece,1993,15397.0,376.0,208858.0,321579.0
Greece,1994,15101.0,403.5,224787.0,339451.0
Greece,1995,14954.0,435.5,217867.0,325799.0
Greece,1996,14950.0,364.3,242904.0,363142.0
Greece,1997,14932.0,368.8,205342.0,306616.0
Greece,1998,14740.0,376.2,254644.0,375345.0
Greece,1999,14743.0,404.0,189318.0,279112.0
Greece,2000,14103.0,334.3,223005.0,314504.0
Greece,2001,13840.0,401.4,178949.0,247666.0
Greece,2002,13669.0,514.0,205635.0,281082.0
Greece,2003,15294.0,670.1,135785.0,207670.0
Greece,2004,13381.0,730.2,205294.0,274704.0
Greece,2005,13354.0,635.9,187224.0,250019.0
Greece,2006,13291.0,659.5,217217.0,288703.0
Greece,2007,13207.0,793.7,190360.0,251408.0
Greece,2008,13433.0,970.3,193421.0,259822.0
Greece,2009,13568.0,933.9,197761.0,268322.0
Greece,2010,13445.0,811.1,203647.0,273804.0
Greece,2011,13331.0,868.7,205622.0,274115.0
Greece,2012,13310.0,814.1,199716.0,265822.0
Greece,2013,13212.0,848.2,192022.0,253700.0
Greece,2014,9811.0,826.3,257099.0,252240.0
Greece,2015,9827.0,669.1,271719.0,267018.0
Greece,2016,9683.0,616.8,288821.0,279665.0
Greece,2017,9294.0,658.6,272334.0,253107.0
Greece,2018,10350.0,766.1,276145.0,285810.0
Grenada,2016,103.0,2132.1,43495.0,448.0
Grenada,2017,106.0,2146.0,43679.0,463.0
Grenada,2018,107.0,2104.1,43832.0,469.0
Hungary,1992,60400.0,138.0,110236.0,665828.0
Hungary,1993,53800.0,95.7,152297.0,819358.0
Hungary,1994,69000.0,100.8,95216.0,656987.0
Hungary,1995,45000.0,198.1,78441.0,352984.0
Hungary,1996,39000.0,121.8,141515.0,551910.0
Hungary,1997,35500.0,101.2,140824.0,499925.0
Hungary,1998,33700.0,77.9,143023.0,481987.0
Hungary,1999,30400.0,121.4,146220.0,444508.0
Hungary,2000,34500.0,65.2,201329.0,694586.0
Hungary,2001,57200.0,49.2,105846.0,605440.0
Hungary,2002,35819.0,44.6,147091.0,526865.0
Hungary,2003,43486.0,82.5,116705.0,507505.0
Hungary,2004,43240.0,59.7,161978.0,700391.0
Hungary,2005,42024.0,125.8,121445.0,510361.0
Hungary,2006,39136.0,131.0,137302.0,537345.0
Hungary,2007,40501.0,307.1,144716.0,586113.0
Hungary,2008,43100.0,101.3,131926.0,568600.0
Hungary,2009,36644.0,63.9,157016.0,575368.0
Hungary,2010,34030.0,157.9,146023.0,496916.0
Hungary,2011,33092.0,188.7,88484.0,292810.0
Hungary,2012,32040.0,146.2,203059.0,650600.0
Hungary,2013,33360.0,151.3,177419.0,591870.0
Hungary,2014,33260.0,73.9,234471.0,779850.0
Hungary,2015,32803.0,144.6,155919.0,511460.0
Hungary,2016,32485.0,96.1,153027.0,497108.0
Hungary,2017,32166.0,220.9,147255.0,473662.0
Hungary,2018,31840.0,97.6,213185.0,678780.0
India,2001,240000.0,452.0,51250.0,1230000.0
Iran (Islamic Republic of),1992,135798.0,183.3,107739.0,1463072.0
Iran (Islamic Republic of),1993,141003.0,131.1,115188.0,1624183.0
Iran (Islamic Republic of),1994,144677.0,205.4,138795.0,2008051.0
Iran (Islamic Republic of),1995,145503.0,298.6,136743.0,1989653.0
Iran (Islamic Republic of),1996,140921.0,219.3,136631.0,1925423.0
Iran (Islamic Republic of),1997,141045.0,217.7,141665.0,1998107.0
Iran (Islamic Republic of),1998,141822.0,168.5,137047.0,1943627.0
Iran (Islamic Republic of),1999,144266.0,203.4,148132.0,2137037.0
Iran (Islamic Republic of),2000,146117.0,197.7,143532.0,2097244.0
Iran (Islamic Republic of),2001,148666.0,161.0,158298.0,2353359.0
Iran (Islamic Republic of),2002,149457.0,254.8,156158.0,2333896.0
Iran (Islamic Republic of),2003,152768.0,194.2,164873.0,2518733.0
Iran (Islamic Republic of),2004,156446.0,207.2,141847.0,2219145.0
Iran (Islamic Republic of),2005,162862.0,214.8,163445.0,2661901.0
Iran (Islamic Republic of),2006,149225.0,304.2,154595.0,2306941.0
Iran (Islamic Republic of),2007,173979.0,423.0,171163.0,2977881.0
Iran (Islamic Republic of),2008,173340.0,464.3,160308.0,2778775.0
Iran (Islamic Republic of),2009,173371.0,634.4,164642.0,2854420.0
Iran (Islamic Republic of),2010,197252.0,594.1,147201.0,2903572.0
Iran (Islamic Republic of),2011,197284.0,699.6,157788.0,3112900.0
Iran (Islamic Republic of),2012,197348.0,627.1,157280.0,3103883.0
Iran (Islamic Republic of),2013,197983.0,797.2,153321.0,3035493.0
Iran (Islamic Republic of),2014,235572.0,585.7,102410.0,2412494.0
Iran (Islamic Republic of),2015,240000.0,441.5,104167.0,2500000.0
Iran (Islamic Republic of),2016,140940.0,493.9,148769.0,2096749.0
Iran (Islamic Republic of),2017,119528.0,422.5,200692.0,2398831.0
Iran (Islamic Republic of),2018,101429.0,767.6,190941.0,1936697.0
Iraq,2011,15000.0,782.1,30632.0,45948.0
Iraq,2012,17000.0,802.6,30775.0,52318.0
Iraq,2013,20000.0,831.0,31217.0,62433.0
Iraq,2014,20000.0,731.6,31688.0,63376.0
Iraq,2015,14000.0,736.7,30219.0,42307.0
Iraq,2016,14500.0,660.7,30686.0,44495.0
Iraq,2017,15500.0,691.7,30726.0,47626.0
Iraq,2018,16000.0,706.8,31028.0,49644.0
Israel,1993,4700.0,584.8,340043.0,159820.0
Israel,1994,4905.0,861.8,178695.0,87650.0
Israel,1995,4750.0,609.0,261474.0,124200.0
Israel,1996,4420.0,860.7,236946.0,104730.0
Israel,1997,4410.0,797.3,252739.0,111458.0
Israel,1998,4300.0,687.4,239326.0,102910.0
Israel,1999,5980.0,644.0,213244.0,127520.0
Israel,2000,6060.0,639.2,169142.0,102500.0
Israel,2001,5790.0,756.3,193092.0,111800.0
Israel,2002,5520.0,646.2,229221.0,126530.0
Israel,2003,4970.0,711.5,238632.0,118600.0
Israel,2004,4480.0,492.3,334978.0,150070.0
Israel,2005,4430.0,905.4,316788.0,140337.0
Israel,2006,3970.0,895.5,306408.0,121644.0
Israel,2007,3200.0,1047.9,316331.0,101226.0
Israel,2008,3050.0,1449.8,319426.0,97425.0
Israel,2009,2980.0,1435.8,384732.0,114650.0
Israel,2010,2910.0,1393.7,451801.0,131474.0
Israel,2011,2920.0,1540.5,408325.0,119231.0
Israel,2012,2370.0,1317.7,455696.0,108000.0
Israel,2013,2629.0,1373.7,426504.0,112128.0
Israel,2014,2685.0,1526.3,289806.0,77813.0
Israel,2015,2991.0,1314.2,361083.0,108000.0
Israel,2016,3020.0,1340.5,331126.0,100000.0
Israel,2017,2960.0,1437.4,381757.0,113000.0
Israel,2018,2823.0,1765.4,393199.0,111000.0
Italy,1992,75643.0,544.7,316504.0,2394131.0
Italy,1993,73621.0,286.8,291159.0,2143540.0
Italy,1994,71244.0,348.3,313409.0,2232853.0
Italy,1995,67115.0,371.6,289057.0,1940007.0
Italy,1996,71543.0,415.9,289513.0,2071261.0
Italy,1997,64984.0,369.9,302608.0,1966470.0
Italy,1998,64233.0,345.8,333676.0,2143300.0
Italy,1999,63599.0,334.1,368528.0,2343800.0
Italy,2002,60529.0,340.4,363333.0,2199219.0
Italy,2003,56928.0,418.7,343197.0,1953752.0
Italy,2004,57554.0,482.2,371169.0,2136226.0
Italy,2005,57136.0,383.5,383646.0,2192000.0
Italy,2006,57143.0,414.0,372921.0,2130980.0
Italy,2007,56020.0,519.6,398106.0,2230191.0
Italy,2008,59000.0,661.5,374593.0,2210100.0
Italy,2009,58445.0,556.7,397922.0,2325653.0
Italy,2010,57907.0,535.1,380778.0,2204972.0
Italy,2011,56860.0,514.9,424059.0,2411201.0
Italy,2012,54684.0,619.3,364149.0,1991312.0
Italy,2013,55274.0,764.7,401086.0,2216963.0
Italy,2014,54743.0,581.5,451858.0,2473608.0
Italy,2015,54720.0,490.0,452048.0,2473608.0
Italy,2016,52775.0,597.3,465299.0,2455616.0
Italy,2017,53586.0,609.9,358540.0,1921272.0
Italy,2018,57440.0,791.2,429490.0,2466990.0
Japan,1992,52700.0,2081.3,197154.0,1039000.0
Japan,1993,52000.0,2005.4,194423.0,1011000.0
Japan,1994,48100.0,2204.3,205676.0,989300.0
Japan,1995,47700.0,2347.4,201803.0,962600.0
Japan,1996,47200.0,2278.0,190508.0,899200.0
Japan,1997,46600.0,1743.1,213155.0,993300.0
Japan,1998,45500.0,1541.6,193209.0,879100.0
Japan,1999,44600.0,2113.1,208004.0,927700.0
Japan,2000,43900.0,2344.9,182141.0,799600.0
Japan,2001,43200.0,1957.6,215440.0,930700.0
Japan,2002,42400.0,1485.0,218349.0,925800.0
Japan,2003,41600.0,1689.8,202428.0,842100.0
Japan,2004,41300.0,2420.7,182712.0,754600.0
Japan,2005,40800.0,2321.8,200711.0,818900.0
Japan,2006,40300.0,2003.5,206402.0,831800.0
Japan,2007,39900.0,2012.7,210551.0,840100.0
Japan,2008,39500.0,1985.3,230557.0,910700.0
Japan,2009,38800.0,2012.4,217938.0,845600.0
Japan,2010,38100.0,2787.7,206430.0,786500.0
Japan,2011,37800.0,2858.1,173360.0,655300.0
Japan,2012,37400.0,3549.3,212246.0,793800.0
Japan,2013,37200.0,2215.3,199382.0,741700.0
Japan,2014,37100.0,2250.2,220027.0,816300.0
Japan,2015,37000.0,1991.8,219324.0,811500.0
Japan,2016,36800.0,2598.5,207880.0,765000.0
Japan,2017,36500.0,2242.2,201425.0,735200.0
Japan,2018,36200.0,2680.6,208867.0,756100.0
Jordan,1992,1939.0,379.5,96880.0,18785.0
Jordan,1993,2001.0,505.1,87501.0,17509.0
Jordan,1995,2813.0,479.7,149069.0,41933.0
Jordan,1996,2916.0,306.1,112575.0,32827.0
Jordan,1997,3826.0,304.7,81051.0,31010.0
Jordan,1998,3853.0,296.2,99992.0,38527.0
Jordan,1999,3869.0,341.3,80215.0,31035.0
Jordan,2000,3938.0,342.7,95145.0,37468.0
Jordan,2001,3963.0,279.3,93702.0,37134.0
Jordan,2002,3968.0,249.6,98866.0,39230.0
Jordan,2003,3856.0,331.5,108283.0,41754.0
Jordan,2004,3856.0,314.5,110021.0,42424.0
Jordan,2005,3856.0,220.6,118161.0,45563.0
Jordan,2006,3856.0,311.0,120283.0,46381.0
Jordan,2007,2291.0,365.6,137595.0,31523.0
Jordan,2008,2291.0,425.7,152392.0,34913.0
Jordan,2009,2307.0,495.6,134855.0,31111.0
Jordan,2010,2291.0,600.3,125578.0,28770.0
Jordan,2011,2381.0,629.9,166539.0,39653.0
Jordan,2012,2381.0,653.9,152780.0,36377.0
Jordan,2013,2381.0,672.1,170664.0,40635.0
Jordan,2014,2390.0,692.7,166954.0,39902.0
Jordan,2015,2390.0,958.5,236695.0,56570.0
Jordan,2016,2389.0,657.6,231046.0,55197.0
Jordan,2017,755.0,708.3,324450.0,24496.0
Jordan,2018,755.0,946.8,271748.0,20517.0
Kazakhstan,1994,43000.0,205.6,8837.0,38000.0
Kazakhstan,1995,43000.0,159.0,8512.0,36600.0
Kazakhstan,1996,45000.0,104.0,12444.0,56000.0
Kazakhstan,1997,43500.0,127.6,11724.0,51000.0
Kazakhstan,1998,40500.0,151.8,7704.0,31200.0
Kazakhstan,1999,40000.0,105.5,14400.0,57600.0
Kazakhstan,2000,43800.0,98.8,33014.0,144600.0
Kazakhstan,2001,41210.0,73.9,25050.0,103230.0
Kazakhstan,2002,39866.0,84.4,27706.0,110453.0
Kazakhstan,2003,39200.0,91.8,23750.0,93100.0
Kazakhstan,2004,36361.0,126.4,40945.0,148880.0
Kazakhstan,2005,34100.0,149.0,41701.0,142200.0
Kazakhstan,2006,26200.0,167.8,44130.0,115620.0
Kazakhstan,2007,24400.0,163.3,41664.0,101660.0
Kazakhstan,2008,25800.0,465.0,36547.0,94290.0
Kazakhstan,2009,26100.0,335.3,45199.0,117970.0
Kazakhstan,2010,29700.0,376.3,36077.0,107150.0
Kazakhstan,2011,29127.0,494.2,39363.0,114654.0
Kazakhstan,2012,30282.0,505.9,42831.0,129700.0
Kazakhstan,2013,30290.0,635.3,47493.0,143856.0
Kazakhstan,2014,30352.0,702.0,52013.0,157870.0
Kazakhstan,2015,31645.0,569.2,46630.0,147561.0
Kazakhstan,2016,32463.0,366.4,57943.0,188099.0
Kazakhstan,2017,32955.0,397.1,54941.0,181057.0
Kazakhstan,2018,34680.0,420.8,64153.0,222482.0
Kenya,2011,139.0,300.1,56043.0,779.0
Latvia,1996,8000.0,168.9,22500.0,18000.0
Latvia,1997,10900.0,75.7,78532.0,85600.0
Latvia,1998,8239.0,127.1,16599.0,13676.0
Latvia,1999,8104.0,121.3,42101.0,34119.0
Latvia,2000,8125.0,70.9,43598.0,35423.0
Latvia,2001,8160.0,55.7,44205.0,36071.0
Latvia,2002,8215.0,69.6,61295.0,50354.0
Latvia,2003,8248.0,91.0,43757.0,36091.0
Latvia,2004,8320.0,266.5,8315.0,6918.0
Latvia,2005,8515.0,115.1,44068.0,37524.0
Latvia,2006,9446.0,224.8,35886.0,33898.0
Latvia,2007,7369.0,305.6,41447.0,30542.0
Latvia,2008,5138.0,418.1,56168.0,28859.0
Latvia,2009,4138.0,300.7,31000.0,12828.0
Latvia,2010,3257.0,490.1,31701.0,10325.0
Latvia,2011,3379.0,381.1,22199.0,7501.0
Latvia,2012,3136.0,510.2,30131.0,9449.0
Latvia,2013,2762.0,304.1,53407.0,14751.0
Latvia,2014,2653.0,424.6,36272.0,9623.0
Latvia,2015,2417.0,369.3,32333.0,7815.0
Latvia,2016,2458.0,403.8,40090.0,9854.0
Latvia,2017,3331.0,559.2,22408.0,7464.0
Latvia,2018,3200.0,705.0,43438.0,13900.0
Lebanon,1995,12500.0,552.0,120480.0,150600.0
Lebanon,1996,12152.0,604.5,96090.0,116769.0
Lebanon,1997,10182.0,273.5,139899.0,142445.0
Lebanon,1998,9200.0,290.9,135000.0,124200.0
Lebanon,1999,9300.0,295.1,149247.0,138800.0
Lebanon,2000,9302.0,348.3,136207.0,126700.0
Lebanon,2001,9460.0,384.7,118393.0,112000.0
Lebanon,2002,9380.0,506.1,160240.0,150305.0
Lebanon,2003,9389.0,458.4,161892.0,152000.0
Lebanon,2004,9390.0,443.8,120660.0,113300.0
Lebanon,2005,9400.0,464.3,122128.0,114800.0
Lebanon,2006,9880.0,597.0,122976.0,121500.0
Lebanon,2007,10100.0,663.3,123960.0,125200.0
Lebanon,2008,10100.0,729.7,123960.0,125200.0
Lebanon,2009,11800.0,663.3,117034.0,138100.0
Lebanon,2010,12425.0,797.3,124289.0,154429.0
Lebanon,2011,10671.0,648.8,127267.0,135807.0
Lebanon,2012,9923.0,559.2,126690.0,125714.0
Lebanon,2013,9996.0,754.4,126536.0,126485.0
Lebanon,2014,12001.0,1017.6,150458.0,180565.0
Lebanon,2015,12646.0,1062.7,166396.0,210424.0
Lebanon,2016,16573.0,1135.0,207850.0,344469.0
Lebanon,2017,16641.0,985.7,189986.0,316155.0
Lebanon,2018,13826.0,1116.4,172863.0,239001.0
Lithuania,1992,28400.0,49.2,33803.0,96000.0
Lithuania,1993,26000.0,46.0,75077.0,195200.0
Lithuania,1994,28600.0,102.2,14336.0,41000.0
Lithuania,1995,28000.0,56.0,38714.0,108400.0
Lithuania,1996,29000.0,83.7,25172.0,73000.0
Lithuania,1997,33000.0,30.2,69424.0,229100.0
Lithuania,1998,34200.0,67.7,27485.0,94000.0
Lithuania,1999,31700.0,52.5,31546.0,100000.0
Lithuania,2000,31000.0,59.2,31806.0,98600.0
Lithuania,2001,31300.0,23.0,48275.0,151100.0
Lithuania,2002,27900.0,33.5,28674.0,80000.0
Lithuania,2003,19257.0,280.6,50627.0,97493.0
Lithuania,2004,19297.0,289.9,17594.0,33951.0
Lithuania,2005,20786.0,212.7,46441.0,96533.0
Lithuania,2006,14856.0,130.3,66964.0,99481.0
Lithuania,2007,13312.0,539.1,30513.0,40619.0
Lithuania,2008,11655.0,579.8,63707.0,74251.0
Lithuania,2009,11553.0,353.4,46100.0,53259.0
Lithuania,2010,12122.0,477.5,28065.0,34020.0
Lithuania,2011,12669.0,624.5,38755.0,49099.0
Lithuania,2012,14389.0,513.9,50384.0,72497.0
Lithuania,2013,14219.0,447.1,44016.0,62586.0
Lithuania,2014,13826.0,554.8,43525.0,60177.0
Lithuania,2015,13242.0,444.4,55568.0,73583.0
Lithuania,2016,12253.0,405.9,53521.0,65579.0
Lithuania,2017,12374.0,442.7,70605.0,87367.0
Lithuania,2018,10130.0,546.4,79645.0,80680.0
Luxembourg,2000,1059.0,421.0,112842.0,11950.0
Luxembourg,2001,1056.0,530.4,41951.0,4430.0
Luxembourg,2002,1062.0,771.7,105461.0,11200.0
Luxembourg,2003,1025.0,1185.1,38244.0,3920.0
Luxembourg,2004,1020.0,1241.6,104902.0,10700.0
Luxembourg,2005,1020.0,1243.6,37402.0,3815.0
Luxembourg,2006,1020.0,1254.5,89020.0,9080.0
Luxembourg,2007,233.0,1437.2,95837.0,2233.0
Luxembourg,2008,240.0,1757.7,128292.0,3079.0
Luxembourg,2009,241.0,1625.5,97095.0,2340.0
Luxembourg,2010,242.0,1642.4,99421.0,2406.0
Luxembourg,2011,242.0,1723.7,88017.0,2130.0
Luxembourg,2012,242.0,1715.3,75041.0,1816.0
Luxembourg,2013,242.0,1858.7,79587.0,1926.0
Luxembourg,2014,242.0,1724.8,108058.0,2615.0
Luxembourg,2015,261.0,1524.9,92682.0,2419.0
Luxembourg,2016,261.0,1526.5,57854.0,1510.0
Luxembourg,2017,267.0,1609.8,36816.0,983.0
Luxembourg,2018,270.0,1653.3,77037.0,2080.0
Madagascar,2000,4300.0,62.1,16047.0,6900.0
Madagascar,2001,4342.0,78.2,15838.0,6877.0
Madagascar,2002,4348.0,56.4,15835.0,6885.0
Malta,1992,26.0,501.7,115385.0,300.0
Malta,1993,23.0,358.4,86957.0,200.0
Malta,1994,30.0,418.1,50000.0,150.0
Malta,1995,30.0,385.2,50000.0,150.0
Malta,1996,62.0,579.8,48387.0,300.0
Malta,1997,75.0,399.0,44267.0,332.0
Malta,1998,30.0,288.3,37000.0,111.0
Malta,1999,20.0,358.5,43500.0,87.0
Malta,2000,10.0,333.2,66000.0,66.0
Malta,2001,10.0,304.4,55000.0,55.0
Malta,2002,8.0,415.1,41250.0,33.0
Malta,2003,3.0,559.3,40000.0,12.0
Malta,2004,8.0,432.6,40000.0,32.0
Malta,2005,16.0,440.2,41250.0,66.0
Malta,2006,20.0,389.5,51000.0,102.0
Malta,2007,15.0,485.8,42000.0,63.0
Malta,2008,15.0,511.1,38000.0,57.0
Malta,2009,15.0,499.2,38000.0,57.0
Malta,2010,14.0,457.0,36429.0,51.0
Malta,2011,11.0,481.9,38182.0,42.0
Malta,2012,7.0,613.5,38571.0,27.0
Malta,2013,9.0,567.3,38889.0,35.0
Malta,2014,11.0,528.7,35455.0,39.0
Malta,2015,8.0,497.2,35000.0,28.0
Malta,2016,4.0,508.8,40000.0,16.0
Malta,2017,6.0,481.0,35000.0,21.0
Mexico,1992,60373.0,287.2,99089.0,598230.0
Mexico,1993,66414.0,344.4,80973.0,537774.0
Mexico,1994,61472.0,399.1,79337.0,487698.0
Mexico,1995,61341.0,287.9,67365.0,413223.0
Mexico,1996,60170.0,339.5,70918.0,426713.0
Mexico,1997,62507.0,200.8,100673.0,629277.0
Mexico,1998,58740.0,368.3,63031.0,370244.0
Mexico,1999,64474.0,370.6,69775.0,449867.0
Mexico,2000,54719.0,372.3,61765.0,337974.0
Mexico,2001,60998.0,300.8,72573.0,442679.0
Mexico,2002,60887.0,319.7,78771.0,479613.0
Mexico,2003,54572.0,309.2,90746.0,495217.0
Mexico,2004,59095.0,314.8,96947.0,572906.0
Mexico,2005,59543.0,329.3,98079.0,583994.0
Mexico,2006,57777.0,433.2,104179.0,601915.0
Mexico,2007,56072.0,514.0,90077.0,505078.0
Mexico,2008,55286.0,478.1,92607.0,511988.0
Mexico,2009,56992.0,307.5,98521.0,561493.0
Mexico,2010,57742.0,440.3,101253.0,584655.0
Mexico,2011,56845.0,398.6,110921.0,630533.0
Mexico,2012,58451.0,609.2,64164.0,375045.0
Mexico,2013,59199.0,389.0,145038.0,858608.0
Mexico,2014,55447.0,441.3,129288.0,716865.0
Mexico,2015,55121.0,363.5,136123.0,750325.0
Mexico,2016,54248.0,348.2,132158.0,716931.0
Mexico,2017,53619.0,461.0,133190.0,714149.0
Mexico,2018,52389.0,613.0,125922.0,659692.0
Morocco,2000,27800.0,517.6,107915.0,300005.0
Morocco,2001,28600.0,525.5,79650.0,227800.0
Morocco,2002,26700.0,585.3,139513.0,372500.0
Morocco,2003,26000.0,662.2,105846.0,275200.0
Morocco,2004,26100.0,730.7,151877.0,396400.0
Morocco,2005,25600.0,586.6,120508.0,308500.0
Morocco,2006,25000.0,777.7,149600.0,374000.0
Morocco,2007,25936.0,782.4,164565.0,426816.0
Morocco,2008,26752.0,974.2,151133.0,404310.0
Morocco,2009,27334.0,1058.7,154596.0,422572.0
Morocco,2010,27314.0,1049.0,162869.0,444861.0
Morocco,2011,30073.0,966.6,170388.0,512407.0
Morocco,2012,31651.0,928.3,153437.0,485642.0
Morocco,2013,41771.0,1011.2,139626.0,583230.0
Morocco,2014,43940.0,856.5,122030.0,536199.0
Morocco,2015,45207.0,747.6,149126.0,674153.0
Morocco,2016,48671.0,832.0,83495.0,406379.0
Morocco,2017,49498.0,467.4,165774.0,820547.0
Morocco,2018,50589.0,402.7,137767.0,696950.0
Nepal,2001,2889.0,363.6,110765.0,32000.0
Nepal,2002,3389.0,355.2,95329.0,32307.0
Nepal,2003,3458.0,381.3,95575.0,33050.0
Nepal,2004,3558.0,413.6,95660.0,34036.0
Nepal,2005,3660.0,403.7,95984.0,35130.0
Nepal,2006,3757.0,416.7,88730.0,33336.0
Nepal,2007,3856.0,488.5,89590.0,34546.0
Nepal,2008,4003.0,518.0,90922.0,36396.0
Nepal,2009,4240.0,693.5,92297.0,39134.0
Nepal,2010,4510.0,969.2,92581.0,41754.0
Nepal,2011,5048.0,837.6,84596.0,42704.0
Nepal,2012,5674.0,762.9,86264.0,48946.0
Nepal,2013,5063.0,725.7,84563.0,42814.0
Nepal,2014,5141.0,686.2,69872.0,35921.0
Nepal,2015,5600.0,675.0,77682.0,43502.0
Nepal,2016,5625.0,649.6,72908.0,41011.0
Nepal,2017,3707.0,727.6,53547.0,19850.0
Nepal,2018,4133.0,926.4,69913.0,28895.0
Netherlands,1992,17000.0,454.9,376471.0,640000.0
Netherlands,1993,16600.0,253.1,359639.0,597000.0
Netherlands,1994,16500.0,324.2,321212.0,530000.0
Netherlands,1995,15298.0,398.6,349065.0,534000.0
Netherlands,1996,15100.0,474.5,421854.0,637000.0
Netherlands,1997,15200.0,333.1,276316.0,420000.0
Netherlands,1998,14700.0,312.5,352381.0,518000.0
Netherlands,1999,14200.0,246.6,401408.0,570000.0
Netherlands,2000,12839.0,250.8,359062.0,461000.0
Netherlands,2001,11718.0,312.7,348182.0,408000.0
Netherlands,2002,11177.0,196.7,316722.0,354000.0
Netherlands,2003,10296.0,301.4,348679.0,359000.0
Netherlands,2004,10217.0,332.8,426740.0,436000.0
Netherlands,2005,9737.0,373.1,368697.0,359000.0
Netherlands,2006,9562.0,471.0,381719.0,365000.0
Netherlands,2007,9400.0,578.1,415957.0,391000.0
Netherlands,2008,9300.0,771.0,403226.0,375000.0
Netherlands,2009,9129.0,507.1,445832.0,407000.0
Netherlands,2010,8681.0,579.8,384748.0,334000.0
Netherlands,2011,8266.0,745.8,505686.0,418000.0
Netherlands,2012,7948.0,753.2,353548.0,281000.0
Netherlands,2013,7906.0,983.7,397167.0,314000.0
Netherlands,2014,7849.0,730.4,449739.0,353000.0
Netherlands,2015,7600.0,532.3,442105.0,336000.0
Netherlands,2016,7335.0,538.5,432175.0,317000.0
Netherlands,2017,6953.0,778.3,326478.0,227000.0
Netherlands,2018,6600.0,1009.4,407727.0,269100.0
New Zealand,1992,12283.0,347.5,396896.0,487507.0
New Zealand,1993,12937.0,209.1,339337.0,439000.0
New Zealand,1994,15256.0,312.5,315089.0,480700.0
New Zealand,1995,15916.0,297.9,331113.0,527000.0
New Zealand,1996,15819.0,302.4,347051.0,549000.0
New Zealand,1997,15800.0,236.7,358861.0,567000.0
New Zealand,1998,15000.0,226.4,348667.0,523000.0
New Zealand,1999,14500.0,206.9,375862.0,545000.0
New Zealand,2000,14114.0,136.7,439280.0,620000.0
New Zealand,2001,12915.0,170.7,366803.0,473726.0
New Zealand,2002,11717.0,351.5,452874.0,530633.0
New Zealand,2003,12150.0,394.9,412504.0,501192.0
New Zealand,2004,10934.0,281.7,499360.0,546000.0
New Zealand,2005,10982.0,211.2,477144.0,524000.0
New Zealand,2006,9720.0,389.1,364198.0,354000.0
New Zealand,2007,9247.0,429.9,455283.0,421000.0
New Zealand,2008,8832.0,562.3,504982.0,446000.0
New Zealand,2009,9284.0,393.5,464240.0,431000.0
New Zealand,2010,9380.0,335.1,473512.0,444154.0
New Zealand,2011,8995.0,367.4,488514.0,439418.0
New Zealand,2012,8845.0,405.1,494185.0,437107.0
New Zealand,2013,8884.0,516.6,499975.0,444178.0
New Zealand,2014,8417.0,580.7,582155.0,490000.0
New Zealand,2015,9999.0,498.6,540054.0,540000.0
New Zealand,2016,10129.0,577.8,542995.0,550000.0
New Zealand,2017,8615.0,564.9,545560.0,470000.0
New Zealand,2018,8594.0,505.1,558529.0,480000.0
North Macedonia,1992,3287.0,177.6,266632.0,87642.0
North Macedonia,1993,4108.0,283.7,174479.0,71676.0
North Macedonia,1994,4519.0,346.7,155034.0,70060.0
North Macedonia,1995,4518.0,522.7,154604.0,69850.0
North Macedonia,1996,4543.0,447.7,143956.0,65399.0
North Macedonia,1997,5424.0,412.0,141228.0,76602.0
North Macedonia,1998,5573.0,240.9,110668.0,61675.0
North Macedonia,1999,9000.0,110.0,81058.0,72952.0
North Macedonia,2000,8900.0,147.8,94691.0,84275.0
North Macedonia,2001,8600.0,239.6,44651.0,38400.0
North Macedonia,2002,9000.0,433.1,70356.0,63320.0
North Macedonia,2003,7074.0,125.7,87554.0,61936.0
North Macedonia,2004,9457.0,219.2,87141.0,82409.0
North Macedonia,2005,9781.0,275.1,88147.0,86217.0
North Macedonia,2006,10841.0,302.2,88392.0,95826.0
North Macedonia,2007,14000.0,326.0,108635.0,152089.0
North Macedonia,2008,15000.0,430.9,116210.0,174315.0
North Macedonia,2009,11952.0,372.1,88986.0,106356.0
North Macedonia,2010,13650.0,253.7,88925.0,121383.0
North Macedonia,2011,13164.0,319.1,94616.0,124552.0
North Macedonia,2012,13465.0,284.5,94446.0,127171.0
North Macedonia,2013,11926.0,305.0,94691.0,112929.0
North Macedonia,2014,10957.0,284.0,87327.0,95684.0
North Macedonia,2015,15451.0,213.4,88623.0,136931.0
North Macedonia,2016,11097.0,309.4,91095.0,101088.0
North Macedonia,2017,4762.0,373.6,91067.0,43366.0
North Macedonia,2018,15408.0,373.9,91054.0,140296.0
Norway,1992,2092.0,930.1,70908.0,14834.0
Norway,1993,2136.0,561.0,128184.0,27380.0
Norway,1994,2151.0,729.7,77169.0,16599.0
Norway,1995,2121.0,531.9,108043.0,22916.0
Norway,1996,2094.0,708.5,70989.0,14865.0
Norway,1997,1980.0,736.6,65152.0,12900.0
Norway,1998,1930.0,687.9,72482.0,13989.0
Norway,1999,1894.0,884.7,52228.0,9892.0
Norway,2000,1882.0,695.3,84538.0,15910.0
Norway,2001,1825.0,739.6,61666.0,11254.0
Norway,2002,1794.0,792.9,93082.0,16699.0
Norway,2003,1764.0,1104.5,70074.0,12361.0
Norway,2004,1731.0,1071.1,93224.0,16137.0
Norway,2005,1695.0,1215.4,64472.0,10928.0
Norway,2006,1645.0,1160.1,90942.0,14960.0
Norway,2007,1652.0,1550.7,66096.0,10919.0
Norway,2008,1682.0,1611.7,99388.0,16717.0
Norway,2009,1704.0,1553.7,79701.0,13581.0
Norway,2010,1428.0,1815.0,80469.0,11491.0
Norway,2011,1401.0,1746.8,60450.0,8469.0
Norway,2012,1396.0,1590.0,78625.0,10976.0
Norway,2013,1402.0,1760.0,69679.0,9769.0
Norway,2014,1373.0,1572.6,97028.0,13322.0
Norway,2015,1373.0,1226.4,78660.0,10800.0
Norway,2016,1368.0,1273.8,91535.0,12522.0
Norway,2017,1378.0,1230.7,91901.0,12664.0
Norway,2018,1451.0,1221.0,102536.0,14878.0
Pakistan,1992,31384.0,804.3,108007.0,338968.0
Pakistan,1993,39464.0,724.0,112101.0,442395.0
Pakistan,1994,40394.0,698.5,131976.0,533105.0
Pakistan,1995,41777.0,739.5,132483.0,553474.0
Pakistan,1996,43506.0,705.4,130661.0,568452.0
Pakistan,1997,44625.0,611.1,128417.0,573062.0
Pakistan,1998,45875.0,482.3,128454.0,589281.0
Pakistan,1999,51655.0,511.1,73041.0,377295.0
Pakistan,2000,58169.0,512.6,75444.0,438852.0
Pakistan,2002,47544.0,311.9,66339.0,315400.0
Pakistan,2003,110800.0,626.4,30121.0,333741.0
Pakistan,2004,112000.0,624.5,31421.0,351916.0
Pakistan,2005,112000.0,621.7,31360.0,351232.0
Pakistan,2006,112600.0,630.5,30945.0,348440.0
Pakistan,2007,113000.0,658.6,39077.0,441575.0
Pakistan,2008,113100.0,596.5,38998.0,441062.0
Pakistan,2009,111597.0,550.7,32829.0,366360.0
Pakistan,2010,110562.0,563.4,47562.0,525855.0
Palestine,1997,186.0,1492.5,44462.0,827.0
Palestine,1998,192.0,1032.1,33958.0,652.0
Palestine,1999,165.0,483.1,50606.0,835.0
Palestine,2000,197.0,439.0,50051.0,986.0
Palestine,2001,207.0,679.1,51111.0,1058.0
Palestine,2002,210.0,633.2,52714.0,1107.0
Palestine,2003,181.0,741.1,35414.0,641.0
Palestine,2004,192.0,628.5,48177.0,925.0
Palestine,2005,230.0,640.6,42174.0,970.0
Palestine,2006,256.0,612.5,41523.0,1063.0
Palestine,2007,255.0,718.1,41647.0,1062.0
Palestine,2008,245.0,1828.3,51796.0,1269.0
Palestine,2009,150.0,802.6,45333.0,680.0
Palestine,2010,100.0,915.8,49000.0,490.0
Palestine,2011,166.0,1268.1,50181.0,833.0
Palestine,2012,178.0,1057.1,51124.0,910.0
Palestine,2013,194.0,1067.2,51804.0,1005.0
Palestine,2014,230.0,1306.3,54348.0,1250.0
Palestine,2015,150.0,1157.3,53333.0,800.0
Palestine,2016,130.0,1104.9,66154.0,860.0
Palestine,2017,158.0,1187.7,58165.0,919.0
Palestine,2018,165.0,1311.1,56485.0,932.0
Peru,1992,8822.0,337.1,106902.0,94309.0
Peru,1993,10007.0,301.8,112931.0,113010.0
Peru,1994,10517.0,300.7,99154.0,104280.0
Peru,1995,12164.0,324.0,136546.0,166094.0
Peru,1996,12029.0,317.9,143733.0,172896.0
Peru,1997,12558.0,270.2,130152.0,163445.0
Peru,1998,12712.0,344.7,99160.0,126052.0
Peru,1999,11330.0,203.9,132235.0,149822.0
Peru,2000,10586.0,214.9,148775.0,157493.0
Peru,2001,10601.0,185.4,130495.0,138338.0
Peru,2002,9512.0,170.6,129590.0,123266.0
Peru,2003,9823.0,181.1,136778.0,134357.0
Peru,2004,10406.0,216.8,141162.0,146893.0
Peru,2005,10460.0,200.3,133205.0,139332.0
Peru,2006,10066.0,213.8,135505.0,136399.0
Peru,2007,10063.0,214.2,135888.0,136744.0
Peru,2008,9736.0,277.0,138875.0,135209.0
Peru,2009,9610.0,278.9,142776.0,137208.0
Peru,2010,9535.0,293.8,150877.0,143861.0
Peru,2011,9715.0,225.1,153949.0,149561.0
Peru,2012,9483.0,265.4,154776.0,146774.0
Peru,2013,9442.0,262.8,165590.0,156350.0
Peru,2014,9661.0,261.0,165489.0,159879.0
Peru,2015,9744.0,240.9,163742.0,159550.0
Peru,2016,9759.0,248.9,162002.0,158098.0
Peru,2017,9701.0,266.8,154404.0,149787.0
Peru,2018,8580.0,253.3,163833.0,140569.0
Poland,1992,127000.0,99.1,123598.0,1569690.0
Poland,1993,135000.0,53.0,136426.0,1841755.0
Poland,1994,138000.0,80.5,104429.0,1441124.0
Poland,1995,145000.0,168.7,88848.0,1288289.0
Poland,1996,162000.0,98.7,120464.0,1951515.0
Poland,1997,165000.0,73.5,127170.0,2098297.0
Poland,1998,157800.0,79.4,106922.0,1687226.0
Poland,1999,165236.0,165.6,97087.0,1604221.0
Poland,2000,165098.0,58.9,87849.0,1450376.0
Poland,2001,166408.0,49.1,146263.0,2433940.0
Poland,2002,168456.0,56.6,128670.0,2167518.0
Poland,2003,159278.0,109.5,152422.0,2427753.0
Poland,2004,175206.0,89.1,143917.0,2521514.0
Poland,2005,169650.0,159.8,122308.0,2074951.0
Poland,2006,161989.0,154.7,142287.0,2304892.0
Poland,2007,175595.0,360.9,59225.0,1039967.0
Poland,2008,171963.0,169.4,164609.0,2830658.0
Poland,2009,173607.0,102.2,151277.0,2626273.0
Poland,2010,170443.0,211.9,110178.0,1877906.0
Poland,2011,183526.0,285.5,135843.0,2493078.0
Poland,2012,194680.0,224.2,147798.0,2877336.0
Poland,2013,193439.0,283.2,159486.0,3085074.0
Poland,2014,176335.0,167.7,181206.0,3195299.0
Poland,2015,180399.0,206.4,175656.0,3168818.0
Poland,2016,177203.0,148.6,203398.0,3604271.0
Poland,2017,176352.0,274.7,138439.0,2441393.0
Poland,2018,166150.0,171.4,240717.0,3999520.0
Portugal,1992,24915.0,668.7,112797.0,281033.0
Portugal,1993,25084.0,476.7,105295.0,264122.0
Portugal,1994,24879.0,493.2,85218.0,212015.0
Portugal,1995,24209.0,598.0,97029.0,234897.0
Portugal,1996,24313.0,558.4,105586.0,256712.0
Portugal,1997,24308.0,522.4,117540.0,285716.0
Portugal,1998,23095.0,694.3,69311.0,160074.0
Portugal,1999,21096.0,676.0,139837.0,295000.0
Portugal,2000,21117.0,502.9,108819.0,229794.0
Portugal,2001,20396.0,492.0,126673.0,258363.0
Portugal,2002,19732.0,468.3,152151.0,300225.0
Portugal,2003,19071.0,561.7,149426.0,284971.0
Portugal,2004,17969.0,723.9,153110.0,275123.0
Portugal,2005,16840.0,759.9,148779.0,250543.0
Portugal,2006,15700.0,659.0,163451.0,256618.0
Portugal,2007,14558.0,841.8,168616.0,245471.0
Portugal,2008,13757.0,960.0,172284.0,237011.0
Portugal,2009,12565.0,801.1,209428.0,263146.0
Portugal,2010,12450.0,783.2,171006.0,212902.0
Portugal,2011,12539.0,900.3,197168.0,247229.0
Portugal,2012,12903.0,802.8,171093.0,220761.0
Portugal,2013,13661.0,922.7,210317.0,287314.0
Portugal,2014,13847.0,782.1,197675.0,273721.0
Portugal,2015,14006.0,633.5,232039.0,324994.0
Portugal,2016,14399.0,706.3,167797.0,241611.0
Portugal,2017,14786.0,789.4,222759.0,329371.0
Portugal,2018,14580.0,816.6,181043.0,263960.0
Republic of Korea,1992,52985.0,1170.4,131125.0,694766.0
Republic of Korea,1993,52297.0,1126.3,117787.0,615991.0
Republic of Korea,1994,52098.0,1481.9,118336.0,616505.0
Republic of Korea,1995,50103.0,1597.4,142902.0,715982.0
Republic of Korea,1996,43857.0,1163.4,148530.0,651406.0
Republic of Korea,1997,39995.0,1084.3,162965.0,651778.0
Republic of Korea,1998,34692.0,832.4,132310.0,459010.0
Republic of Korea,1999,31079.0,1265.6,157827.0,490512.0
Republic of Korea,2000,29063.0,942.7,168241.0,488960.0
Republic of Korea,2001,26328.0,868.2,153290.0,403583.0
Republic of Korea,2002,26163.0,1265.3,165564.0,433165.0
Republic of Korea,2003,26398.0,970.7,138402.0,365354.0
Republic of Korea,2004,26676.0,1154.3,133896.0,357180.0
Republic of Korea,2005,26907.0,1240.9,136588.0,367517.0
Republic of Korea,2006,28312.0,2273.3,143975.0,407621.0
Republic of Korea,2007,29358.0,1830.0,148405.0,435686.0
Republic of Korea,2008,30006.0,1314.7,156924.0,470865.0
Republic of Korea,2009,30451.0,1471.8,162389.0,494491.0
Republic of Korea,2010,30992.0,1812.4,148517.0,460285.0
Republic of Moldova,2013,53849.0,138.7,57057.0,307246.0
Republic of Moldova,2014,44459.0,89.4,83228.0,370024.0
Republic of Moldova,2015,54552.0,149.5,56398.0,307660.0
Republic of Moldova,2016,52454.0,136.1,78501.0,411768.0
Republic of Moldova,2017,52737.0,199.4,92376.0,487161.0
Republic of Moldova,2018,51135.0,138.7,130084.0,665184.0
Romania,1993,88289.0,226.2,124269.0,1097158.0
Romania,1994,87573.0,297.8,41455.0,363038.0
Romania,1995,85625.0,495.9,53396.0,457203.0
Romania,1996,81484.0,370.4,80963.0,659719.0
Romania,1997,81025.0,305.5,81958.0,664063.0
Romania,1998,79499.0,358.0,45865.0,364619.0
Romania,1999,77984.0,509.8,40399.0,315049.0
Romania,2000,71016.0,420.4,69035.0,490260.0
Romania,2001,73011.0,317.3,69502.0,507440.0
Romania,2002,72430.0,370.0,67858.0,491494.0
Romania,2003,71589.0,387.4,113299.0,811099.0
Romania,2004,73377.0,427.6,149616.0,1097837.0
Romania,2005,81672.0,607.5,78115.0,637979.0
Romania,2006,59298.0,712.0,99567.0,590413.0
Romania,2007,59017.0,914.6,80548.0,475370.0
Romania,2008,54704.0,1040.1,83909.0,459016.0
Romania,2009,52637.0,728.0,98313.0,517491.0
Romania,2010,56373.0,679.7,98072.0,552860.0
Romania,2011,52722.0,859.4,117667.0,620362.0
Romania,2012,55366.0,772.7,83614.0,462935.0
Romania,2013,60276.0,838.4,85205.0,513580.0
Romania,2014,56130.0,821.1,91430.0,513195.0
Romania,2015,55883.0,666.6,85189.0,476059.0
Romania,2016,55528.0,657.8,84148.0,467259.0
Romania,2017,55597.0,683.5,62711.0,348656.0
Romania,2018,53940.0,682.5,117681.0,634770.0
Russian Federation,1992,420000.0,341.7,42548.0,1787000.0
Russian Federation,1993,407000.0,258.3,39887.0,1623400.0
Russian Federation,1994,413000.0,189.9,27659.0,1142300.0
Russian Federation,1995,420000.0,189.5,28571.0,1200000.0
Russian Federation,1996,425000.0,134.4,42353.0,1800000.0
Russian Federation,1997,420000.0,130.5,35714.0,1500000.0
Russian Federation,1998,415000.0,127.3,32048.0,1330000.0
Russian Federation,1999,464400.0,234.2,22825.0,1060000.0
Russian Federation,2000,445000.0,184.2,41169.0,1832000.0
Russian Federation,2001,440000.0,211.2,37273.0,1640000.0
Russian Federation,2002,523000.0,248.6,37285.0,1950000.0
Russian Federation,2003,403000.0,218.0,42184.0,1700000.0
Russian Federation,2004,403000.0,282.8,50273.0,2026000.0
Russian Federation,2005,401000.0,297.6,44539.0,1786000.0
Russian Federation,2006,373800.0,507.7,43499.0,1626000.0
Russian Federation,2007,364000.0,484.6,64341.0,2342000.0
Serbia,2006,24000.0,370.5,100133.0,240320.0
Serbia,2007,25000.0,640.7,98091.0,245228.0
Serbia,2008,23000.0,685.7,102435.0,235601.0
Serbia,2009,28000.0,440.2,100667.0,281868.0
Serbia,2010,24000.0,448.9,99977.0,239945.0
Serbia,2011,26600.0,562.2,99841.0,265576.0
Serbia,2012,24400.0,563.9,99995.0,243987.0
Serbia,2013,23737.0,437.8,193120.0,458409.0
Serbia,2014,23737.0,461.1,141683.0,336313.0
Serbia,2015,24703.0,394.5,174780.0,431759.0
Serbia,2016,24818.0,414.2,161364.0,400473.0
Serbia,2017,25134.0,510.0,150650.0,378644.0
Serbia,2018,25917.0,445.0,177646.0,460404.0
Serbia and Montenegro,1994,28100.0,519.3,52669.0,148000.0
Serbia and Montenegro,1995,28300.0,739.5,57951.0,164000.0
Serbia and Montenegro,1996,38939.0,403.8,67798.0,264000.0
Serbia and Montenegro,1997,34479.0,341.8,68157.0,235000.0
Serbia and Montenegro,1998,27000.0,343.0,71111.0,192000.0
Serbia and Montenegro,1999,27000.0,633.8,73333.0,198000.0
Serbia and Montenegro,2000,30599.0,205.7,67649.0,207000.0
Serbia and Montenegro,2001,20750.0,304.6,66506.0,138000.0
Serbia and Montenegro,2002,20000.0,461.6,50812.0,101623.0
Serbia and Montenegro,2003,32000.0,358.1,78483.0,251144.0
Serbia and Montenegro,2004,27000.0,355.6,69630.0,188000.0
Serbia and Montenegro,2005,30025.0,336.7,67312.0,202104.0
Slovakia,1993,4537.0,195.8,236559.0,107327.0
Slovakia,1994,4105.0,277.6,138504.0,56856.0
Slovakia,1995,3996.0,363.7,95443.0,38139.0
Slovakia,1996,3452.0,340.6,229134.0,79097.0
Slovakia,1997,3196.0,277.9,251070.0,80242.0
Slovakia,1998,2886.0,279.1,289203.0,83464.0
Slovakia,1999,2577.0,248.4,265161.0,68332.0
Slovakia,2000,3053.0,231.9,266941.0,81497.0
Slovakia,2001,4127.0,249.4,121679.0,50217.0
Slovakia,2002,4669.0,268.0,109599.0,51172.0
Slovakia,2003,3519.0,321.2,173345.0,61000.0
Slovakia,2004,3281.0,344.1,128010.0,42000.0
Slovakia,2005,3198.0,341.9,146967.0,47000.0
Slovakia,2006,3345.0,342.2,92006.0,30776.0
Slovakia,2007,3244.0,448.8,54636.0,17724.0
Slovakia,2008,3426.0,534.3,122017.0,41803.0
Slovakia,2009,2745.0,470.6,137301.0,37689.0
Slovakia,2010,2683.0,521.7,127525.0,34215.0
Slovakia,2011,2294.0,551.8,136683.0,31355.0
Slovakia,2012,2908.0,504.9,152961.0,44481.0
Slovakia,2013,2795.0,481.2,164397.0,45949.0
Slovakia,2014,2557.0,464.6,189652.0,48494.0
Slovakia,2015,2376.0,369.6,194655.0,46250.0
Slovakia,2016,2311.0,384.1,89667.0,20722.0
Slovakia,2017,2179.0,471.6,149050.0,32478.0
Slovakia,2018,2140.0,453.3,205280.0,43930.0
Slovenia,1992,2492.0,559.2,234346.0,58399.0
Slovenia,1993,2467.0,292.9,269858.0,66574.0
Slovenia,1994,2640.0,312.6,415106.0,109588.0
Slovenia,1995,2812.0,431.6,365405.0,102752.0
Slovenia,1996,2872.0,429.2,367082.0,105426.0
Slovenia,1997,2995.0,309.0,289923.0,86832.0
Slovenia,1998,2995.0,303.7,380561.0,113978.0
Slovenia,1999,2995.0,332.0,298407.0,89373.0
Slovenia,2000,3081.0,271.5,420815.0,129653.0
Slovenia,2001,3081.0,288.3,254606.0,78444.0
Slovenia,2002,3099.0,305.1,457202.0,141687.0
Slovenia,2003,3099.0,423.2,327980.0,101641.0
Slovenia,2004,3099.0,376.5,451491.0,139917.0
Slovenia,2005,3099.0,383.9,342678.0,106196.0
Slovenia,2006,3099.0,396.5,384563.0,119176.0
Slovenia,2007,2874.0,572.8,398372.0,114492.0
Slovenia,2008,2874.0,867.4,358013.0,102893.0
Slovenia,2009,2722.0,603.6,351440.0,95662.0
Slovenia,2010,2765.0,543.8,425204.0,117569.0
Slovenia,2011,2734.0,628.3,385351.0,105355.0
Slovenia,2012,2702.0,608.5,204663.0,55300.0
Slovenia,2013,2643.0,763.7,349788.0,92449.0
Slovenia,2014,2545.0,543.9,392275.0,99834.0
Slovenia,2015,2465.0,511.4,466901.0,115091.0
Slovenia,2016,2416.0,547.5,246577.0,59573.0
Slovenia,2017,2355.0,710.0,339703.0,80000.0
Slovenia,2018,2330.0,462.2,371631.0,86590.0
South Africa,1992,21700.0,464.9,240286.0,521421.0
South Africa,1993,23800.0,195.9,250203.0,595483.0
South Africa,1994,22500.0,348.4,244845.0,550901.0
South Africa,1995,21000.0,322.3,244029.0,512460.0
South Africa,1996,23000.0,317.7,268053.0,616521.0
South Africa,1997,21000.0,277.8,256397.0,538434.0
South Africa,1998,22000.0,272.2,261938.0,576264.0
South Africa,1999,24000.0,191.5,259865.0,623676.0
South Africa,2000,21522.0,192.5,279698.0,601966.0
South Africa,2001,21476.0,172.6,286736.0,615794.0
South Africa,2002,21204.0,212.1,293957.0,623307.0
South Africa,2003,27126.0,261.5,301249.0,817167.0
South Africa,2004,24845.0,340.1,308054.0,765359.0
South Africa,2005,21326.0,367.7,318317.0,678842.0
South Africa,2006,20633.0,368.6,307030.0,633495.0
South Africa,2007,22000.0,421.6,322014.0,708430.0
South Africa,2008,23000.0,438.6,338322.0,778141.0
South Africa,2009,21000.0,416.3,389380.0,817698.0
South Africa,2010,20449.0,514.4,354165.0,724232.0
South Africa,2011,21919.0,571.7,356368.0,781124.0
South Africa,2012,22900.0,532.6,347493.0,795758.0
South Africa,2013,24819.0,585.5,364174.0,903843.0
South Africa,2014,20829.0,564.9,373393.0,777741.0
South Africa,2015,24626.0,465.5,379426.0,934375.0
South Africa,2016,23941.0,444.6,382667.0,916143.0
South Africa,2017,23948.0,492.1,387936.0,929028.0
South Africa,2018,21093.0,545.8,393323.0,829636.0
Spain,1992,57300.0,380.8,191169.0,1095400.0
Spain,1993,53700.0,293.2,165829.0,890500.0
Spain,1994,52700.0,358.7,146861.0,773960.0
Spain,1995,51500.0,346.9,158447.0,816000.0
Spain,1996,49400.0,300.3,182065.0,899400.0
Spain,1997,49600.0,311.7,198327.0,983700.0
Spain,1998,49300.0,364.4,149290.0,736000.0
Spain,1999,49100.0,358.4,201303.0,988400.0
Spain,2000,48760.0,235.0,166895.0,813780.0
Spain,2001,42316.0,262.1,216800.0,917409.0
Spain,2002,43205.0,340.7,160820.0,694822.0
Spain,2003,46020.0,444.7,191460.0,881101.0
Spain,2004,42189.0,458.2,163760.0,690886.0
Spain,2005,38974.0,355.7,198648.0,774210.0
Spain,2006,37844.0,414.4,171859.0,650384.0
Spain,2007,36902.0,578.3,195431.0,721178.0
Spain,2008,33362.0,574.0,198347.0,661724.0
Spain,2009,32715.0,415.4,184007.0,601979.0
Spain,2010,31812.0,456.4,203042.0,645918.0
Spain,2011,31507.0,475.7,212735.0,670264.0
Spain,2012,30753.0,558.1,156480.0,481223.0
Spain,2013,30800.0,648.3,177403.0,546400.0
Spain,2014,30726.0,464.5,202051.0,620823.0
Spain,2015,30721.0,418.4,193220.0,593592.0
Spain,2016,30872.0,475.9,201206.0,621164.0
Spain,2017,30550.0,495.0,192155.0,587034.0
Spain,2018,29930.0,638.5,188092.0,562960.0
Sweden,1995,2000.0,552.1,90000.0,18000.0
Sweden,1996,2000.0,583.7,85000.0,17000.0
Sweden,1997,2000.0,570.1,95000.0,19000.0
Sweden,2000,1422.0,386.2,154008.0,21900.0
Sweden,2001,1418.0,400.4,140339.0,19900.0
Sweden,2002,1334.0,460.6,134970.0,18005.0
Sweden,2003,1334.0,525.6,161282.0,21515.0
Sweden,2004,1380.0,540.2,134058.0,18500.0
Sweden,2005,1440.0,609.5,122799.0,17683.0
Sweden,2006,1600.0,635.9,150000.0,24000.0
Sweden,2007,1400.0,720.0,150000.0,21000.0
Sweden,2008,1400.0,870.9,158571.0,22200.0
Sweden,2009,1500.0,717.3,140000.0,21000.0
Sweden,2010,1500.0,897.7,156667.0,23500.0
Sweden,2011,1310.0,917.8,157893.0,20684.0
Sweden,2012,1500.0,987.5,155933.0,23390.0
Sweden,2013,1400.0,941.1,195714.0,27400.0
Sweden,2014,1290.0,903.7,190543.0,24580.0
Sweden,2015,1330.0,745.1,190602.0,25350.0
Sweden,2016,1540.0,676.4,170649.0,26280.0
Sweden,2017,1400.0,959.9,158071.0,22130.0
Sweden,2018,1410.0,1009.7,217092.0,30610.0
Switzerland,1992,5006.0,342.1,875575.0,438313.0
Switzerland,1993,5058.0,457.5,522094.0,264075.0
Switzerland,1994,5108.0,452.6,564282.0,288235.0
Switzerland,1995,5115.0,643.6,389711.0,199337.0
Switzerland,1996,5159.0,442.6,694553.0,358320.0
Switzerland,1997,5096.0,501.6,444003.0,226264.0
Switzerland,1998,5071.0,324.9,840797.0,426368.0
Switzerland,1999,5015.0,438.7,456437.0,228903.0
Switzerland,2000,4812.0,308.5,779268.0,374984.0
Switzerland,2001,4710.0,464.6,429682.0,202380.0
Switzerland,2002,4565.0,385.0,602460.0,275023.0
Switzerland,2003,4410.0,590.3,475059.0,209501.0
Switzerland,2004,4382.0,838.8,649443.0,284586.0
Switzerland,2005,4315.0,762.1,493618.0,212996.0
Switzerland,2006,4280.0,749.7,605853.0,259305.0
Switzerland,2007,4235.0,755.6,649166.0,274922.0
Switzerland,2008,4195.0,1001.8,607597.0,254887.0
Switzerland,2009,4226.0,871.2,594070.0,251054.0
Switzerland,2010,4218.0,938.7,478049.0,201641.0
Switzerland,2011,4187.0,1016.9,782183.0,327500.0
Switzerland,2012,4138.0,1079.2,564418.0,233556.0
Switzerland,2013,3993.0,1097.2,526243.0,210129.0
Switzerland,2014,3894.0,1095.8,594101.0,231343.0
Switzerland,2015,3863.0,1046.3,554621.0,214250.0
Switzerland,2016,3854.0,988.4,589777.0,227300.0
Switzerland,2017,3806.0,1211.5,383248.0,145864.0
Switzerland,2018,3786.0,977.6,783883.0,296778.0
Tajikistan,2000,34080.0,197.5,39906.0,136000.0
Tajikistan,2001,26600.0,201.5,35489.0,94400.0
Tajikistan,2002,29000.0,260.1,32586.0,94500.0
Tajikistan,2003,28400.0,445.2,18732.0,53200.0
Tajikistan,2004,31300.0,493.9,32492.0,101700.0
Tajikistan,2005,30400.0,545.1,34474.0,104800.0
Tajikistan,2006,30400.0,544.8,48355.0,147000.0
Tajikistan,2007,35300.0,406.7,31445.0,111000.0
Tajikistan,2008,38000.0,437.2,48816.0,185500.0
Tajikistan,2009,37000.0,410.4,40000.0,148000.0
Tajikistan,2010,38000.0,411.1,41053.0,156000.0
Tajikistan,2011,40000.0,650.7,45825.0,183300.0
Tajikistan,2012,40700.0,844.3,53636.0,218300.0
Tajikistan,2015,44173.0,846.7,52156.0,230387.0
Tajikistan,2016,42731.0,650.7,52451.0,224128.0
Tajikistan,2017,42869.0,379.2,53992.0,231458.0
Tajikistan,2018,43022.0,263.6,55107.0,237080.0
Tunisia,1992,14000.0,646.8,43571.0,61000.0
Tunisia,1993,17500.0,507.1,42857.0,75000.0
Tunisia,1994,16500.0,491.3,36970.0,61000.0
Tunisia,1995,15500.0,596.3,41935.0,65000.0
Tunisia,1996,17000.0,595.8,47647.0,81000.0
Tunisia,1997,25800.0,488.3,31783.0,82000.0
Tunisia,1998,26000.0,504.1,31731.0,82500.0
Tunisia,1999,24968.0,425.7,38850.0,97000.0
Tunisia,2000,25660.0,376.4,42089.0,108000.0
Tunisia,2001,25770.0,386.5,41909.0,108000.0
Tunisia,2002,26000.0,417.1,38462.0,100000.0
Tunisia,2003,24275.0,534.0,40783.0,99000.0
Tunisia,2004,35000.0,390.2,38571.0,135000.0
Tunisia,2005,25780.0,436.3,38790.0,100000.0
Tunisia,2006,25410.0,452.3,47226.0,120000.0
Tunisia,2007,25000.0,592.3,40400.0,101000.0
Tunisia,2008,23600.0,533.2,46610.0,110000.0
Tunisia,2009,22700.0,600.6,48458.0,110000.0
Tunisia,2010,26294.0,575.7,47920.0,126000.0
Tunisia,2011,26337.0,551.9,48601.0,128000.0
Tunisia,2012,22090.0,529.5,50249.0,111000.0
Tunisia,2013,21010.0,533.0,57116.0,120000.0
Tunisia,2014,19790.0,560.8,61395.0,121500.0
Tunisia,2015,19170.0,511.3,46948.0,90000.0
Tunisia,2016,25719.0,512.1,48991.0,126000.0
Turkey,1992,104900.0,330.8,200191.0,2100000.0
Turkey,1993,162506.0,296.8,127995.0,2080000.0
Turkey,1994,158341.0,280.2,132309.0,2095000.0
Turkey,1995,153422.0,389.3,136877.0,2100000.0
Turkey,1996,150231.0,325.4,146441.0,2200000.0
Turkey,1997,156144.0,343.9,163311.0,2550000.0
Turkey,1998,153245.0,350.4,159875.0,2450000.0
Turkey,1999,158469.0,342.7,157760.0,2500000.0
Turkey,2000,158800.0,353.3,151134.0,2400000.0
Turkey,2001,153420.0,242.0,159692.0,2450000.0
Turkey,2002,150000.0,337.7,146667.0,2200000.0
Turkey,2003,159000.0,419.1,163522.0,2600000.0
Turkey,2004,160000.0,489.1,131250.0,2100000.0
Turkey,2005,160240.0,595.4,160384.0,2570000.0
Turkey,2006,162666.0,646.8,123076.0,2002033.0
Turkey,2007,157750.0,781.3,155806.0,2457845.0
Turkey,2008,158400.0,832.9,158112.0,2504494.0
Turkey,2009,162650.0,667.7,171065.0,2782365.0
Turkey,2010,165078.0,746.6,157501.0,2600000.0
Turkey,2011,166673.0,760.5,160798.0,2680075.0
Turkey,2012,174811.0,641.2,165263.0,2888985.0
Turkey,2013,173095.0,516.1,180736.0,3128450.0
Turkey,2014,171417.0,602.1,144702.0,2480444.0
Turkey,2015,171410.0,418.9,149919.0,2569759.0
Turkey,2016,173394.0,348.3,168739.0,2925828.0
Turkey,2017,175357.0,325.9,172914.0,3032164.0
Turkey,2018,174690.0,304.1,207565.0,3625960.0
Turkmenistan,1997,5000.0,532.6,29200.0,14600.0
Turkmenistan,1998,4500.0,470.3,41111.0,18500.0
Turkmenistan,1999,4000.0,480.8,50000.0,20000.0
Turkmenistan,2000,4398.0,711.5,52296.0,23000.0
Turkmenistan,2001,6000.0,826.9,55000.0,33000.0
Turkmenistan,2002,6000.0,807.7,58333.0,35000.0
Ukraine,1994,426000.0,203.3,15282.0,651000.0
Ukraine,1995,358200.0,159.8,29207.0,1046200.0
Ukraine,1996,350000.0,116.4,29737.0,1040800.0
Ukraine,1997,345200.0,80.6,54977.0,1897800.0
Ukraine,1998,255100.0,90.2,22274.0,568200.0
Ukraine,1999,245500.0,98.1,12090.0,296800.0
Ukraine,2000,227600.0,56.2,28480.0,648200.0
Ukraine,2001,216200.0,81.2,21957.0,474700.0
Ukraine,2002,193000.0,70.6,27062.0,522300.0
Ukraine,2003,169800.0,57.0,51313.0,871300.0
Ukraine,2004,151500.0,105.5,47320.0,716900.0
Ukraine,2005,137900.0,160.0,52197.0,719800.0
Ukraine,2006,124100.0,250.3,43231.0,536500.0
Ukraine,2007,116000.0,253.1,65078.0,754900.0
Ukraine,2008,113500.0,270.7,63366.0,719200.0
Ukraine,2009,110000.0,183.3,77582.0,853400.0
Ukraine,2010,105200.0,245.4,85266.0,897000.0
Ukraine,2011,105200.0,320.2,90694.0,954100.0
Ukraine,2012,105500.0,272.8,106806.0,1126800.0
Ukraine,2013,103900.0,310.9,116593.0,1211400.0
Ukraine,2014,100200.0,192.9,108318.0,1085350.0
Ukraine,2015,97300.0,218.5,121230.0,1179570.0
Ukraine,2016,91600.0,177.1,120004.0,1099240.0
Ukraine,2017,91200.0,260.5,118002.0,1076180.0
Ukraine,2018,91800.0,142.8,159298.0,1462360.0
United Kingdom of Great Britain and Northern Ireland,1992,19875.0,737.1,195925.0,389400.0
United Kingdom of Great Britain and Northern Ireland,1993,19292.0,551.9,184170.0,355300.0
United Kingdom of Great Britain and Northern Ireland,1994,19264.0,684.1,181582.0,349800.0
United Kingdom of Great Britain and Northern Ireland,1995,19900.0,735.4,131106.0,260900.0
United Kingdom of Great Britain and Northern Ireland,1996,11993.0,817.5,186442.0,223600.0
United Kingdom of Great Britain and Northern Ireland,1997,13500.0,756.4,138519.0,187000.0
United Kingdom of Great Britain and Northern Ireland,1998,13300.0,715.5,138120.0,183700.0
United Kingdom of Great Britain and Northern Ireland,1999,12800.0,655.2,192500.0,246400.0
United Kingdom of Great Britain and Northern Ireland,2000,13000.0,618.9,160615.0,208800.0
United Kingdom of Great Britain and Northern Ireland,2001,11190.0,601.7,189276.0,211800.0
United Kingdom of Great Britain and Northern Ireland,2002,9850.0,679.0,182132.0,179400.0
United Kingdom of Great Britain and Northern Ireland,2003,9140.0,899.6,157440.0,143900.0
United Kingdom of Great Britain and Northern Ireland,2004,9170.0,963.0,185823.0,170400.0
United Kingdom of Great Britain and Northern Ireland,2005,8450.0,858.2,258107.0,218100.0
United Kingdom of Great Britain and Northern Ireland,2006,15560.0,940.2,173033.0,269239.0
United Kingdom of Great Britain and Northern Ireland,2007,14960.0,1158.5,162500.0,243100.0
United Kingdom of Great Britain and Northern Ireland,2008,15516.0,1108.5,156548.0,242900.0
United Kingdom of Great Britain and Northern Ireland,2009,15550.0,978.3,147267.0,229000.0
United Kingdom of Great Britain and Northern Ireland,2010,15698.0,1018.2,149987.0,235450.0
United Kingdom of Great Britain and Northern Ireland,2011,15629.0,1134.4,153490.0,239890.0
United Kingdom of Great Britain and Northern Ireland,2012,15964.0,1271.7,127506.0,203550.0
United Kingdom of Great Britain and Northern Ireland,2013,16077.0,1220.9,247870.0,398500.0
United Kingdom of Great Britain and Northern Ireland,2014,16056.0,1163.4,281141.0,451400.0
United Kingdom of Great Britain and Northern Ireland,2015,15871.0,1016.0,289585.0,459600.0
United Kingdom of Great Britain and Northern Ireland,2016,16512.0,930.3,291364.0,481100.0
United Kingdom of Great Britain and Northern Ireland,2017,16607.0,1054.1,322334.0,535300.0
United Kingdom of Great Britain and Northern Ireland,2018,16427.0,1093.8,307786.0,505600.0
United States of America,1992,184152.0,300.0,260317.0,4793791.0
United States of America,1993,185933.0,284.0,260668.0,4846680.0
United States of America,1994,187208.0,284.0,278659.0,5216721.0
United States of America,1995,187208.0,375.0,256308.0,4798282.0
United States of America,1996,189211.0,351.0,248884.0,4709151.0
United States of America,1997,189373.0,340.0,247279.0,4682797.0
United States of America,1998,188685.0,381.0,279976.0,5282718.0
United States of America,1999,183809.0,470.0,262360.0,4822413.0
United States of America,2000,175492.0,282.0,273483.0,4799416.0
United States of America,2001,165638.0,348.0,258045.0,4274201.0
United States of America,2002,159770.0,417.0,241996.0,3866376.0
United States of America,2003,157281.0,414.0,253215.0,3982586.0
United States of America,2004,154533.0,300.0,305621.0,4722849.0
United States of America,2005,149354.0,381.0,293587.0,4384832.0
United States of America,2006,145683.0,500.0,305857.0,4455819.0
United States of America,2007,142000.0,635.0,290344.0,4122883.0
United States of America,2008,141151.0,511.0,309247.0,4365055.0
United States of America,2009,139576.0,509.0,314830.0,4394267.0
United States of America,2010,136217.0,553.0,309087.0,4210290.0
United States of America,2011,133870.0,668.0,319842.0,4281731.0
United States of America,2012,131604.0,818.0,309933.0,4078839.0
United States of America,2013,130661.0,668.0,362135.0,4731694.0
United States of America,2014,128763.0,567.0,416171.0,5358740.0
United States of America,2015,131030.0,741.0,347767.0,4556790.0
United States of America,2016,133060.0,697.0,391856.0,5214040.0
United States of America,2017,132820.0,897.3,394569.0,5240670.0
United States of America,2018,117600.0,853.2,394965.0,4644790.0
Uruguay,1992,1569.0,719.1,183505.0,28792.0
Uruguay,1993,1549.0,471.9,187889.0,29104.0
Uruguay,1994,2300.0,939.7,207852.0,47806.0
Uruguay,1995,2000.0,678.8,185000.0,37000.0
Uruguay,1996,3200.0,636.0,201897.0,64607.0
Uruguay,1997,3300.0,597.3,200852.0,66281.0
Uruguay,1998,2800.0,548.1,205607.0,57570.0
Uruguay,1999,4209.0,440.0,175125.0,73710.0
Uruguay,2000,4062.0,475.1,153929.0,62526.0
Uruguay,2001,3700.0,525.0,145430.0,53809.0
Uruguay,2002,3494.0,456.8,131065.0,45794.0
Uruguay,2003,3595.0,277.5,205388.0,73837.0
Uruguay,2004,3595.0,392.1,185658.0,66744.0
Uruguay,2005,3822.0,323.7,202360.0,77342.0
Uruguay,2006,3885.0,500.3,157748.0,61285.0
Uruguay,2007,3855.0,532.7,173473.0,66874.0
Uruguay,2008,3935.0,1051.4,130282.0,51266.0
Uruguay,2009,3328.0,896.8,176608.0,58775.0
Uruguay,2010,3342.0,1040.4,156272.0,52226.0
Uruguay,2011,3222.0,877.6,227709.0,73368.0
Uruguay,2012,3347.0,1136.8,150194.0,50270.0
Uruguay,2013,3268.0,1625.4,139614.0,45626.0
Uruguay,2014,2758.0,1065.1,191305.0,52762.0
Uruguay,2015,2703.0,777.9,205157.0,55454.0
Uruguay,2016,2677.0,1521.8,140736.0,37675.0
Uruguay,2017,2836.0,1210.1,170913.0,48471.0
Uruguay,2018,2816.0,1289.2,171779.0,48373.0
Yemen,1999,361.0,867.0,59861.0,2161.0
Yemen,2000,391.0,667.8,58926.0,2304.0
Yemen,2001,482.0,747.0,56328.0,2715.0
Yemen,2002,506.0,717.4,57233.0,2896.0
Yemen,2003,560.0,706.5,57500.0,3220.0
Yemen,2004,1873.0,779.3,57838.0,10833.0
Yemen,2005,1940.0,784.8,58119.0,11275.0
Yemen,2006,2129.0,867.8,87966.0,18728.0
Yemen,2007,2193.0,1040.4,91377.0,20039.0
Yemen,2008,2281.0,1275.3,91363.0,20840.0
Yemen,2009,2306.0,1417.9,87051.0,20074.0
Yemen,2010,2322.0,1254.6,87192.0,20246.0
Yemen,2011,2334.0,1435.9,86881.0,20278.0
Yemen,2012,2364.0,1474.2,86074.0,20348.0
Yemen,2015,2227.0,1659.8,79416.0,17686.0
Yemen,2016,2197.0,1927.3,79026.0,17362.0
Yemen,2017,2179.0,2052.2,78068.0,17011.0
Yemen,2018,2148.0,1991.4,77775.0,16706.0
Zimbabwe,2015,744.0,1897.0,89516.0,6660.0
Zimbabwe,2016,735.0,1789.0,89116.0,6550.0
Zimbabwe,2017,734.0,1865.0,88747.0,6514.0
